TIME,TIDE,OB,SURGE,BIAS,TWL,SURGE90p,TWL90p,SURGE10p,TWL10p
202609011800,0.445,,0.500,,0.945,0.500,0.945,0.500,0.945
202609011806,0.450,,,,,,,,
202609011812,0.456,,,,,,,,
202609011818,0.462,,,,,,,,
202609011824,0.468,,,,,,,,
202609011830,0.475,,,,,,,,
202609011836,0.482,,,,,,,,
202609011842,0.489,,,,,,,,
202609011848,0.496,,,,,,,,
202609011854,0.503,,,,,,,,
202609011900,0.511,1.498,0.500,0.487,1.498,0.500,1.498,0.500,1.498
202609011906,0.519,1.489,,,,,,,
202609011912,0.526,1.571,,,,,,,
202609011918,0.534,1.580,,,,,,,
202609011924,0.542,1.508,,,,,,,
202609011930,0.550,1.557,,,,,,,
202609011936,0.558,1.498,,,,,,,
202609011942,0.566,1.548,,,,,,,
202609011948,0.575,1.590,,,,,,,
202609011954,0.583,1.600,,,,,,,
202609012000,0.591,1.508,0.500,0.417,1.508,0.500,1.508,0.500,1.508
202609012006,0.599,1.620,,,,,,,
202609012012,0.607,1.620,,,,,,,
202609012018,0.615,1.620,,,,,,,
202609012024,0.624,1.699,,,,,,,
202609012030,0.632,1.649,,,,,,,
202609012036,0.640,1.649,,,,,,,
202609012042,0.648,1.649,,,,,,,
202609012048,0.656,1.669,,,,,,,
202609012054,0.665,1.718,,,,,,,
202609012100,0.673,1.689,0.600,0.416,1.689,0.600,1.689,0.600,1.689
202609012106,0.681,1.679,,,,,,,
202609012112,0.690,1.679,,,,,,,
202609012118,0.699,1.708,,,,,,,
202609012124,0.707,1.699,,,,,,,
202609012130,0.716,1.699,,,,,,,
202609012136,0.725,1.718,,,,,,,
202609012142,0.734,1.708,,,,,,,
202609012148,0.744,1.708,,,,,,,
202609012154,0.753,1.748,,,,,,,
202609012200,0.763,1.708,0.600,0.345,1.708,0.600,1.708,0.600,1.708
202609012206,0.773,1.748,,,,,,,
202609012212,0.783,1.790,,,,,,,
202609012218,0.793,1.810,,,,,,,
202609012224,0.804,1.708,,,,,,,
202609012230,0.814,1.748,,,,,,,
202609012236,0.825,1.800,,,,,,,
202609012242,0.836,1.840,,,,,,,
202609012248,0.847,1.830,,,,,,,
202609012254,0.859,1.840,,,,,,,
202609012300,0.870,1.830,0.600,0.360,1.830,0.600,1.830,0.600,1.830
202609012306,0.882,1.849,,,,,,,
202609012312,0.894,1.859,,,,,,,
202609012318,0.906,1.879,,,,,,,
202609012324,0.918,1.849,,,,,,,
202609012330,0.930,1.869,,,,,,,
202609012336,0.943,1.928,,,,,,,
202609012342,0.955,1.967,,,,,,,
202609012348,0.968,1.918,,,,,,,
202609012354,0.981,1.958,,,,,,,
202609020000,0.993,1.938,0.300,0.645,1.938,0.300,1.938,0.300,1.938
202609020006,1.006,1.990,,,,,,,
202609020012,1.019,1.990,,,,,,,
202609020018,1.032,1.990,,,,,,,
202609020024,1.045,2.020,,,,,,,
202609020030,1.058,2.020,,,,,,,
202609020036,1.071,2.020,,,,,,,
202609020042,1.084,2.059,,,,,,,
202609020048,1.097,2.040,,,,,,,
202609020054,1.110,2.069,,,,,,,
202609020100,1.123,2.089,0.300,0.666,2.089,0.300,2.089,0.300,2.089
202609020106,1.136,2.079,,,,,,,
202609020112,1.149,2.089,,,,,,,
202609020118,1.161,2.118,,,,,,,
202609020124,1.174,2.138,,,,,,,
202609020130,1.187,2.148,,,,,,,
202609020136,1.199,2.158,,,,,,,
202609020142,1.211,2.168,,,,,,,
202609020148,1.224,2.191,,,,,,,
202609020154,1.236,2.191,,,,,,,
202609020200,1.248,2.210,0.300,0.662,2.210,0.300,2.210,0.300,2.210
202609020206,1.259,2.240,,,,,,,
202609020212,1.271,2.259,,,,,,,
202609020218,1.282,2.240,,,,,,,
202609020224,1.293,2.279,,,,,,,
202609020230,1.304,2.289,,,,,,,
202609020236,1.314,2.250,,,,,,,
202609020242,1.324,2.279,,,,,,,
202609020248,1.334,2.318,,,,,,,
202609020254,1.343,2.318,,,,,,,
202609020300,1.352,2.299,0.300,0.647,2.299,0.300,2.299,0.300,2.299
202609020306,1.361,2.309,,,,,,,
202609020312,1.369,2.318,,,,,,,
202609020318,1.377,2.318,,,,,,,
202609020324,1.385,2.328,,,,,,,
202609020330,1.392,2.338,,,,,,,
202609020336,1.398,2.348,,,,,,,
202609020342,1.404,2.368,,,,,,,
202609020348,1.410,2.377,,,,,,,
202609020354,1.415,2.430,,,,,,,
202609020400,1.420,2.440,0.300,0.720,2.440,0.300,2.440,0.300,2.440
202609020406,1.424,2.440,,,,,,,
202609020412,1.428,2.377,,,,,,,
202609020418,1.431,2.420,,,,,,,
202609020424,1.434,2.489,,,,,,,
202609020430,1.436,2.318,,,,,,,
202609020436,1.438,2.420,,,,,,,
202609020442,1.440,2.420,,,,,,,
202609020448,1.441,2.420,,,,,,,
202609020454,1.442,2.459,,,,,,,
202609020500,1.442,2.450,0.300,0.708,2.450,0.300,2.450,0.300,2.450
202609020506,1.442,2.469,,,,,,,
202609020512,1.442,2.450,,,,,,,
202609020518,1.441,2.459,,,,,,,
202609020524,1.440,2.489,,,,,,,
202609020530,1.438,2.499,,,,,,,
202609020536,1.437,2.499,,,,,,,
202609020542,1.435,2.479,,,,,,,
202609020548,1.432,2.469,,,,,,,
202609020554,1.430,2.469,,,,,,,
202609020600,1.427,2.450,0.100,0.923,2.450,0.100,2.450,0.100,2.450
202609020606,1.424,2.440,,,,,,,
202609020612,1.420,2.479,,,,,,,
202609020618,1.416,2.450,,,,,,,
202609020624,1.412,2.450,,,,,,,
202609020630,1.408,2.459,,,,,,,
202609020636,1.403,2.450,,,,,,,
202609020642,1.398,2.440,,,,,,,
202609020648,1.393,2.430,,,,,,,
202609020654,1.387,2.420,,,,,,,
202609020700,1.381,2.400,0.100,0.919,2.400,0.100,2.400,0.100,2.400
202609020706,1.375,2.420,,,,,,,
202609020712,1.368,2.430,,,,,,,
202609020718,1.360,2.368,,,,,,,
202609020724,1.353,2.400,,,,,,,
202609020730,1.345,2.387,,,,,,,
202609020736,1.336,2.400,,,,,,,
202609020742,1.327,2.338,,,,,,,
202609020748,1.318,2.358,,,,,,,
202609020754,1.308,2.338,,,,,,,
202609020800,1.297,2.348,0.100,0.951,2.348,0.100,2.348,0.100,2.348
202609020806,1.287,2.348,,,,,,,
202609020812,1.275,2.210,,,,,,,
202609020818,1.263,2.289,,,,,,,
202609020824,1.251,2.259,,,,,,,
202609020830,1.239,2.279,,,,,,,
202609020836,1.225,2.289,,,,,,,
202609020842,1.212,2.259,,,,,,,
202609020848,1.198,2.220,,,,,,,
202609020854,1.183,2.210,,,,,,,
202609020900,1.169,2.200,0.100,0.931,2.200,0.100,2.200,0.200,2.300
202609020906,1.153,2.168,,,,,,,
202609020912,1.138,2.158,,,,,,,
202609020918,1.122,2.118,,,,,,,
202609020924,1.106,2.099,,,,,,,
202609020930,1.090,2.089,,,,,,,
202609020936,1.073,2.069,,,,,,,
202609020942,1.056,2.040,,,,,,,
202609020948,1.039,2.030,,,,,,,
202609020954,1.022,1.990,,,,,,,
202609021000,1.005,2.000,0.200,0.795,2.000,0.100,1.900,0.200,2.000
202609021006,0.988,1.990,,,,,,,
202609021012,0.970,2.010,,,,,,,
202609021018,0.953,1.889,,,,,,,
202609021024,0.935,1.967,,,,,,,
202609021030,0.918,1.928,,,,,,,
202609021036,0.900,1.889,,,,,,,
202609021042,0.882,1.810,,,,,,,
202609021048,0.865,1.820,,,,,,,
202609021054,0.847,1.810,,,,,,,
202609021100,0.830,1.800,0.200,0.770,1.800,0.100,1.700,0.200,1.800
202609021106,0.813,1.820,,,,,,,
202609021112,0.795,1.767,,,,,,,
202609021118,0.778,1.767,,,,,,,
202609021124,0.761,1.800,,,,,,,
202609021130,0.744,1.590,,,,,,,
202609021136,0.727,1.659,,,,,,,
202609021142,0.711,1.620,,,,,,,
202609021148,0.694,1.620,,,,,,,
202609021154,0.678,1.600,,,,,,,
202609021200,0.662,1.580,0.100,0.818,1.580,0.100,1.580,0.100,1.580
202609021206,0.646,1.580,,,,,,,
202609021212,0.630,1.538,,,,,,,
202609021218,0.614,,,,,,,,
202609021224,0.598,1.548,,,,,,,
202609021230,0.583,1.538,,,,,,,
202609021236,0.568,1.489,,,,,,,
202609021242,0.553,1.459,,,,,,,
202609021248,0.538,1.459,,,,,,,
202609021254,0.524,1.508,,,,,,,
202609021300,0.510,1.390,0.100,0.780,1.390,0.100,1.390,0.100,1.390
202609021306,0.496,1.430,,,,,,,
202609021312,0.482,1.410,,,,,,,
202609021318,0.468,1.420,,,,,,,
202609021324,0.455,1.348,,,,,,,
202609021330,0.442,1.361,,,,,,,
202609021336,0.430,1.380,,,,,,,
202609021342,0.417,1.279,,,,,,,
202609021348,0.405,1.420,,,,,,,
202609021354,0.394,1.190,,,,,,,
202609021400,0.382,1.308,0.100,0.826,1.308,0.100,1.308,0.100,1.308
202609021406,0.371,1.289,,,,,,,
202609021412,0.360,1.249,,,,,,,
202609021418,0.350,1.289,,,,,,,
202609021424,0.340,1.279,,,,,,,
202609021430,0.330,1.269,,,,,,,
202609021436,0.321,1.269,,,,,,,
202609021442,0.312,1.239,,,,,,,
202609021448,0.303,1.200,,,,,,,
202609021454,0.295,1.200,,,,,,,
202609021500,0.286,1.220,0.100,0.834,1.220,0.100,1.220,0.100,1.220
202609021506,0.279,1.229,,,,,,,
202609021512,0.271,1.128,,,,,,,
202609021518,0.264,1.220,,,,,,,
202609021524,0.257,1.259,,,,,,,
202609021530,0.250,1.039,,,,,,,
202609021536,0.244,1.220,,,,,,,
202609021542,0.238,1.151,,,,,,,
202609021548,0.232,1.098,,,,,,,
202609021554,0.226,1.059,,,,,,,
202609021600,0.221,1.128,0.100,0.807,1.128,0.100,1.128,0.100,1.128
202609021606,0.216,1.049,,,,,,,
202609021612,0.211,1.098,,,,,,,
202609021618,0.207,1.138,,,,,,,
202609021624,0.203,1.128,,,,,,,
202609021630,0.199,1.108,,,,,,,
202609021636,0.196,1.108,,,,,,,
202609021642,0.192,1.098,,,,,,,
202609021648,0.190,1.118,,,,,,,
202609021654,0.187,1.138,,,,,,,
202609021700,0.185,1.118,0.100,0.833,1.118,0.100,1.118,0.100,1.118
202609021706,0.183,1.088,,,,,,,
202609021712,0.182,1.069,,,,,,,
202609021718,0.181,1.118,,,,,,,
202609021724,0.180,1.088,,,,,,,
202609021730,0.180,1.108,,,,,,,
202609021736,0.180,1.108,,,,,,,
202609021742,0.181,1.151,,,,,,,
202609021748,0.182,1.138,,,,,,,
202609021754,0.184,1.059,,,,,,,
202609021800,0.186,1.098,0.100,0.812,1.098,0.100,1.098,0.100,1.098
202609021806,0.189,1.059,,,,,,,
202609021812,0.192,1.098,,,,,,,
202609021818,0.196,1.138,,,,,,,
202609021824,0.200,1.180,,,,,,,
202609021830,0.205,1.118,,,,,,,
202609021836,0.210,1.079,,,,,,,
202609021842,0.216,1.128,,,,,,,
202609021848,0.222,1.000,,,,,,,
202609021854,0.229,1.180,,,,,,,
202609021900,0.236,1.180,0.100,0.844,1.180,0.100,1.180,0.100,1.180
202609021906,0.244,1.180,,,,,,,
202609021912,0.252,1.269,,,,,,,
202609021918,0.260,1.220,,,,,,,
202609021924,0.269,1.210,,,,,,,
202609021930,0.279,1.210,,,,,,,
202609021936,0.288,1.249,,,,,,,
202609021942,0.298,1.259,,,,,,,
202609021948,0.309,1.279,,,,,,,
202609021954,0.319,1.259,,,,,,,
202609022000,0.330,1.249,0.100,0.819,1.249,0.100,1.249,0.100,1.249
202609022006,0.342,1.249,,,,,,,
202609022012,0.353,1.298,,,,,,,
202609022018,0.365,1.338,,,,,,,
202609022024,0.377,1.338,,,,,,,
202609022030,0.389,1.361,,,,,,,
202609022036,0.401,1.380,,,,,,,
202609022042,0.414,1.371,,,,,,,
202609022048,0.426,1.420,,,,,,,
202609022054,0.439,1.439,,,,,,,
202609022100,0.452,1.439,0.200,0.787,1.439,0.200,1.439,0.200,1.439
202609022106,0.465,1.449,,,,,,,
202609022112,0.479,1.380,,,,,,,
202609022118,0.492,1.449,,,,,,,
202609022124,0.505,1.449,,,,,,,
202609022130,0.519,1.479,,,,,,,
202609022136,0.533,1.459,,,,,,,
202609022142,0.547,1.518,,,,,,,
202609022148,0.561,1.518,,,,,,,
202609022154,0.575,1.548,,,,,,,
202609022200,0.590,1.548,0.200,0.758,1.548,0.200,1.548,0.200,1.548
202609022206,0.604,1.610,,,,,,,
202609022212,0.619,1.557,,,,,,,
202609022218,0.634,1.630,,,,,,,
202609022224,0.649,1.508,,,,,,,
202609022230,0.665,1.600,,,,,,,
202609022236,0.680,1.630,,,,,,,
202609022242,0.696,1.639,,,,,,,
202609022248,0.712,1.699,,,,,,,
202609022254,0.728,1.669,,,,,,,
202609022300,0.744,1.699,0.200,0.755,1.699,0.200,1.699,0.200,1.699
202609022306,0.760,1.659,,,,,,,
202609022312,0.777,1.748,,,,,,,
202609022318,0.794,1.781,,,,,,,
202609022324,0.810,1.649,,,,,,,
202609022330,0.827,1.820,,,,,,,
202609022336,0.845,1.810,,,,,,,
202609022342,0.862,1.859,,,,,,,
202609022348,0.879,1.840,,,,,,,
202609022354,0.896,1.869,,,,,,,
202609030000,0.914,1.820,0.100,0.806,1.820,0.100,1.820,0.200,1.920
202609030006,0.931,1.889,,,,,,,
202609030012,0.949,1.938,,,,,,,
202609030018,0.967,1.948,,,,,,,
202609030024,0.984,1.967,,,,,,,
202609030030,1.002,1.938,,,,,,,
202609030036,1.019,1.938,,,,,,,
202609030042,1.037,2.000,,,,,,,
202609030048,1.054,2.040,,,,,,,
202609030054,1.072,2.010,,,,,,,
202609030100,1.089,2.099,0.200,0.810,2.099,0.100,1.999,0.200,2.099
202609030106,1.106,2.069,,,,,,,
202609030112,1.123,2.059,,,,,,,
202609030118,1.140,2.118,,,,,,,
202609030124,1.157,2.128,,,,,,,
202609030130,1.174,2.158,,,,,,,
202609030136,1.191,2.158,,,,,,,
202609030142,1.207,2.168,,,,,,,
202609030148,1.224,2.168,,,,,,,
202609030154,1.240,2.200,,,,,,,
202609030200,1.256,2.210,0.200,0.754,2.210,0.200,2.210,0.200,2.210
202609030206,1.272,2.158,,,,,,,
202609030212,1.288,2.259,,,,,,,
202609030218,1.303,2.279,,,,,,,
202609030224,1.319,2.318,,,,,,,
202609030230,1.334,2.338,,,,,,,
202609030236,1.349,2.328,,,,,,,
202609030242,1.364,2.328,,,,,,,
202609030248,1.378,2.279,,,,,,,
202609030254,1.392,2.358,,,,,,,
202609030300,1.406,2.358,0.100,0.852,2.358,0.100,2.358,0.100,2.358
202609030306,1.420,2.358,,,,,,,
202609030312,1.433,2.410,,,,,,,
202609030318,1.446,2.420,,,,,,,
202609030324,1.459,2.450,,,,,,,
202609030330,1.471,2.509,,,,,,,
202609030336,1.483,2.479,,,,,,,
202609030342,1.495,2.538,,,,,,,
202609030348,1.506,2.479,,,,,,,
202609030354,1.516,2.509,,,,,,,
202609030400,1.526,2.519,0.100,0.893,2.519,0.100,2.519,0.100,2.519
202609030406,1.536,2.519,,,,,,,
202609030412,1.545,2.509,,,,,,,
202609030418,1.554,2.519,,,,,,,
202609030424,1.562,2.528,,,,,,,
202609030430,1.570,2.578,,,,,,,
202609030436,1.577,2.578,,,,,,,
202609030442,1.584,2.587,,,,,,,
202609030448,1.590,2.597,,,,,,,
202609030454,1.595,2.578,,,,,,,
202609030500,1.600,2.568,0.100,0.868,2.568,0.100,2.568,0.100,2.568
202609030506,1.605,2.587,,,,,,,
202609030512,1.609,2.519,,,,,,,
202609030518,1.612,2.597,,,,,,,
202609030524,1.615,2.597,,,,,,,
202609030530,1.617,2.620,,,,,,,
202609030536,1.619,2.679,,,,,,,
202609030542,1.620,2.660,,,,,,,
202609030548,1.621,2.660,,,,,,,
202609030554,1.621,2.640,,,,,,,
202609030600,1.621,2.558,0.200,0.737,2.558,0.200,2.558,0.200,2.558
202609030606,1.621,2.650,,,,,,,
202609030612,1.620,2.650,,,,,,,
202609030618,1.618,2.669,,,,,,,
202609030624,1.617,2.650,,,,,,,
202609030630,1.614,2.630,,,,,,,
202609030636,1.612,2.620,,,,,,,
202609030642,1.609,2.630,,,,,,,
202609030648,1.605,2.650,,,,,,,
202609030654,1.601,2.640,,,,,,,
202609030700,1.597,2.620,0.200,0.823,2.620,0.200,2.620,0.200,2.620
202609030706,1.593,2.597,,,,,,,
202609030712,1.588,2.640,,,,,,,
202609030718,1.583,2.669,,,,,,,
202609030724,1.577,2.640,,,,,,,
202609030730,1.571,2.610,,,,,,,
202609030736,1.564,2.610,,,,,,,
202609030742,1.558,2.597,,,,,,,
202609030748,1.550,2.597,,,,,,,
202609030754,1.543,2.587,,,,,,,
202609030800,1.534,2.568,0.200,0.834,2.568,0.200,2.568,0.200,2.568
202609030806,1.526,2.548,,,,,,,
202609030812,1.517,2.519,,,,,,,
202609030818,1.507,2.499,,,,,,,
202609030824,1.497,2.509,,,,,,,
202609030830,1.487,2.499,,,,,,,
202609030836,1.476,2.519,,,,,,,
202609030842,1.464,2.499,,,,,,,
202609030848,1.452,2.509,,,,,,,
202609030854,1.440,2.469,,,,,,,
202609030900,1.427,2.479,0.200,0.852,2.479,0.200,2.479,0.200,2.479
202609030906,1.414,2.459,,,,,,,
202609030912,1.400,2.430,,,,,,,
202609030918,1.385,2.410,,,,,,,
202609030924,1.370,2.400,,,,,,,
202609030930,1.355,2.377,,,,,,,
202609030936,1.339,2.358,,,,,,,
202609030942,1.323,2.338,,,,,,,
202609030948,1.306,2.348,,,,,,,
202609030954,1.289,2.309,,,,,,,
202609031000,1.272,2.309,0.200,0.837,2.309,0.200,2.309,0.200,2.309
202609031006,1.254,2.289,,,,,,,
202609031012,1.236,2.200,,,,,,,
202609031018,1.217,2.230,,,,,,,
202609031024,1.198,2.168,,,,,,,
202609031030,1.179,2.069,,,,,,,
202609031036,1.160,2.168,,,,,,,
202609031042,1.140,2.168,,,,,,,
202609031048,1.120,2.210,,,,,,,
202609031054,1.100,2.138,,,,,,,
202609031100,1.080,2.089,0.200,0.809,2.089,0.200,2.089,0.200,2.089
202609031106,1.060,2.040,,,,,,,
202609031112,1.039,2.020,,,,,,,
202609031118,1.019,2.020,,,,,,,
202609031124,0.998,2.020,,,,,,,
202609031130,0.977,2.000,,,,,,,
202609031136,0.956,1.981,,,,,,,
202609031142,0.935,1.938,,,,,,,
202609031148,0.914,1.928,,,,,,,
202609031154,0.893,1.899,,,,,,,
202609031200,0.872,1.859,0.200,0.787,1.859,0.200,1.859,0.200,1.859
202609031206,0.851,1.840,,,,,,,
202609031212,0.830,1.830,,,,,,,
202609031218,0.809,1.810,,,,,,,
202609031224,0.787,1.748,,,,,,,
202609031230,0.766,1.748,,,,,,,
202609031236,0.745,1.708,,,,,,,
202609031242,0.724,1.708,,,,,,,
202609031248,0.703,1.699,,,,,,,
202609031254,0.682,1.689,,,,,,,
202609031300,0.661,1.649,0.200,0.788,1.649,0.200,1.649,0.200,1.649
202609031306,0.641,1.639,,,,,,,
202609031312,0.620,1.610,,,,,,,
202609031318,0.599,1.630,,,,,,,
202609031324,0.579,1.538,,,,,,,
202609031330,0.559,1.557,,,,,,,
202609031336,0.539,1.498,,,,,,,
202609031342,0.519,1.498,,,,,,,
202609031348,0.499,1.489,,,,,,,
202609031354,0.479,1.449,,,,,,,
202609031400,0.460,1.410,0.200,0.750,1.410,0.200,1.410,0.200,1.410
202609031406,0.441,1.390,,,,,,,
202609031412,0.422,1.361,,,,,,,
202609031418,0.404,1.361,,,,,,,
202609031424,0.386,1.338,,,,,,,
202609031430,0.368,1.361,,,,,,,
202609031436,0.350,1.328,,,,,,,
202609031442,0.333,1.318,,,,,,,
202609031448,0.317,1.289,,,,,,,
202609031454,0.300,1.279,,,,,,,
202609031500,0.284,1.269,0.200,0.785,1.269,0.200,1.269,0.200,1.269
202609031506,0.269,1.259,,,,,,,
202609031512,0.253,1.229,,,,,,,
202609031518,0.239,1.220,,,,,,,
202609031524,0.224,1.200,,,,,,,
202609031530,0.211,1.161,,,,,,,
202609031536,0.197,1.190,,,,,,,
202609031542,0.184,1.180,,,,,,,
202609031548,0.171,1.128,,,,,,,
202609031554,0.159,1.138,,,,,,,
202609031600,0.147,1.118,0.200,0.771,1.118,0.200,1.118,0.200,1.118
202609031606,0.136,1.128,,,,,,,
202609031612,0.125,1.118,,,,,,,
202609031618,0.115,1.088,,,,,,,
202609031624,0.105,1.079,,,,,,,
202609031630,0.095,1.049,,,,,,,
202609031636,0.086,1.049,,,,,,,
202609031642,0.077,0.980,,,,,,,
202609031648,0.068,1.020,,,,,,,
202609031654,0.060,0.990,,,,,,,
202609031700,0.053,1.020,0.200,0.767,1.020,0.200,1.020,0.200,1.020
202609031706,0.045,1.000,,,,,,,
202609031712,0.039,1.020,,,,,,,
202609031718,0.032,1.049,,,,,,,
202609031724,0.026,0.918,,,,,,,
202609031730,0.021,0.990,,,,,,,
202609031736,0.016,0.970,,,,,,,
202609031742,0.011,0.990,,,,,,,
202609031748,0.007,1.039,,,,,,,
202609031754,0.003,0.970,,,,,,,
202609031800,0.000,0.980,0.100,0.880,0.980,0.100,0.980,0.100,0.980
202609031806,-0.001,1.000,,,,,,,
202609031812,-0.003,0.990,,,,,,,
202609031818,-0.005,0.951,,,,,,,
202609031824,-0.006,0.961,,,,,,,
202609031830,-0.006,0.928,,,,,,,
202609031836,-0.006,0.961,,,,,,,
202609031842,-0.005,0.970,,,,,,,
202609031848,-0.004,0.888,,,,,,,
202609031854,-0.002,0.990,,,,,,,
202609031900,0.000,0.990,0.100,0.890,0.990,0.100,0.990,0.200,1.090
202609031906,0.003,1.000,,,,,,,
202609031912,0.007,1.118,,,,,,,
202609031918,0.012,1.049,,,,,,,
202609031924,0.017,1.059,,,,,,,
202609031930,0.023,1.039,,,,,,,
202609031936,0.030,1.069,,,,,,,
202609031942,0.037,1.069,,,,,,,
202609031948,0.045,1.029,,,,,,,
202609031954,0.054,1.059,,,,,,,
202609032000,0.063,1.088,0.100,0.925,1.088,0.100,1.088,0.200,1.188
202609032006,0.073,1.118,,,,,,,
202609032012,0.083,1.108,,,,,,,
202609032018,0.094,1.098,,,,,,,
202609032024,0.105,1.098,,,,,,,
202609032030,0.117,1.118,,,,,,,
202609032036,0.129,1.098,,,,,,,
202609032042,0.142,1.128,,,,,,,
202609032048,0.156,1.128,,,,,,,
202609032054,0.169,1.170,,,,,,,
202609032100,0.183,1.239,0.200,0.856,1.239,0.200,1.239,0.200,1.239
202609032106,0.198,1.200,,,,,,,
202609032112,0.213,1.239,,,,,,,
202609032118,0.228,1.138,,,,,,,
202609032124,0.244,1.239,,,,,,,
202609032130,0.260,1.239,,,,,,,
202609032136,0.276,1.239,,,,,,,
202609032142,0.292,1.279,,,,,,,
202609032148,0.309,1.308,,,,,,,
202609032154,0.326,1.348,,,,,,,
202609032200,0.343,1.361,0.200,0.818,1.361,0.200,1.361,0.200,1.361
202609032206,0.361,1.390,,,,,,,
202609032212,0.379,1.318,,,,,,,
202609032218,0.397,1.420,,,,,,,
202609032224,0.415,1.420,,,,,,,
202609032230,0.433,1.400,,,,,,,
202609032236,0.452,1.479,,,,,,,
202609032242,0.471,1.459,,,,,,,
202609032248,0.490,1.479,,,,,,,
202609032254,0.509,1.508,,,,,,,
202609032300,0.529,1.518,0.200,0.789,1.518,0.200,1.518,0.300,1.618
202609032306,0.548,1.538,,,,,,,
202609032312,0.568,1.580,,,,,,,
202609032318,0.588,1.639,,,,,,,
202609032324,0.608,1.639,,,,,,,
202609032330,0.628,1.639,,,,,,,
202609032336,0.649,1.659,,,,,,,
202609032342,0.669,1.679,,,,,,,
202609032348,0.690,1.659,,,,,,,
202609032354,0.711,1.649,,,,,,,
202609040000,0.732,1.748,0.200,0.816,1.748,0.100,1.648,0.200,1.748
202609040006,0.753,1.800,,,,,,,
202609040012,0.774,1.800,,,,,,,
202609040018,0.795,1.879,,,,,,,
202609040024,0.816,1.767,,,,,,,
202609040030,0.838,1.859,,,,,,,
202609040036,0.859,1.840,,,,,,,
202609040042,0.880,1.889,,,,,,,
202609040048,0.901,1.981,,,,,,,
202609040054,0.923,1.981,,,,,,,
202609040100,0.944,1.981,0.200,0.837,1.981,0.100,1.881,0.200,1.981
202609040106,0.965,1.990,,,,,,,
202609040112,0.986,2.020,,,,,,,
202609040118,1.007,2.049,,,,,,,
202609040124,1.027,2.059,,,,,,,
202609040130,1.048,2.079,,,,,,,
202609040136,1.069,2.079,,,,,,,
202609040142,1.089,2.138,,,,,,,
202609040148,1.109,2.128,,,,,,,
202609040154,1.129,2.158,,,,,,,
202609040200,1.149,2.191,0.200,0.842,2.191,0.100,2.091,0.200,2.191
202609040206,1.169,2.220,,,,,,,
202609040212,1.189,2.210,,,,,,,
202609040218,1.208,2.230,,,,,,,
202609040224,1.227,2.279,,,,,,,
202609040230,1.246,2.289,,,,,,,
202609040236,1.265,2.289,,,,,,,
202609040242,1.284,2.289,,,,,,,
202609040248,1.303,2.338,,,,,,,
202609040254,1.321,2.358,,,,,,,
202609040300,1.339,2.377,0.100,0.938,2.377,0.100,2.377,0.200,2.477
202609040306,1.357,2.387,,,,,,,
202609040312,1.375,2.420,,,,,,,
202609040318,1.392,2.430,,,,,,,
202609040324,1.409,2.420,,,,,,,
202609040330,1.426,2.420,,,,,,,
202609040336,1.443,2.469,,,,,,,
202609040342,1.459,2.479,,,,,,,
202609040348,1.476,2.519,,,,,,,
202609040354,1.492,2.538,,,,,,,
202609040400,1.507,2.568,0.100,0.961,2.568,0.100,2.568,0.200,2.668
202609040406,1.522,2.558,,,,,,,
202609040412,1.537,2.597,,,,,,,
202609040418,1.552,2.630,,,,,,,
202609040424,1.566,2.640,,,,,,,
202609040430,1.580,2.640,,,,,,,
202609040436,1.593,2.640,,,,,,,
202609040442,1.606,2.640,,,,,,,
202609040448,1.618,2.610,,,,,,,
202609040454,1.630,2.709,,,,,,,
202609040500,1.641,2.709,0.100,0.968,2.709,0.100,2.709,0.200,2.809
202609040506,1.652,2.719,,,,,,,
202609040512,1.662,2.728,,,,,,,
202609040518,1.672,2.879,,,,,,,
202609040524,1.681,2.528,,,,,,,
202609040530,1.690,2.738,,,,,,,
202609040536,1.698,2.778,,,,,,,
202609040542,1.705,2.797,,,,,,,
202609040548,1.712,2.797,,,,,,,
202609040554,1.718,2.807,,,,,,,
202609040600,1.723,2.597,0.300,0.574,2.597,0.300,2.597,0.300,2.597
202609040606,1.728,2.807,,,,,,,
202609040612,1.733,2.768,,,,,,,
202609040618,1.737,2.840,,,,,,,
202609040624,1.740,2.860,,,,,,,
202609040630,1.743,2.830,,,,,,,
202609040636,1.745,2.797,,,,,,,
202609040642,1.746,2.768,,,,,,,
202609040648,1.747,2.787,,,,,,,
202609040654,1.748,2.807,,,,,,,
202609040700,1.748,2.830,0.300,0.782,2.830,0.200,2.730,0.300,2.830
202609040706,1.748,2.820,,,,,,,
202609040712,1.747,2.820,,,,,,,
202609040718,1.745,2.778,,,,,,,
202609040724,1.743,2.797,,,,,,,
202609040730,1.741,2.820,,,,,,,
202609040736,1.738,2.689,,,,,,,
202609040742,1.735,2.719,,,,,,,
202609040748,1.732,2.748,,,,,,,
202609040754,1.728,2.787,,,,,,,
202609040800,1.723,2.787,0.300,0.764,2.787,0.200,2.687,0.300,2.787
202609040806,1.719,2.758,,,,,,,
202609040812,1.714,2.748,,,,,,,
202609040818,1.708,2.728,,,,,,,
202609040824,1.702,2.719,,,,,,,
202609040830,1.695,2.699,,,,,,,
202609040836,1.689,2.679,,,,,,,
202609040842,1.681,2.669,,,,,,,
202609040848,1.673,2.669,,,,,,,
202609040854,1.665,2.679,,,,,,,
202609040900,1.656,2.669,0.300,0.713,2.669,0.300,2.669,0.300,2.669
202609040906,1.647,2.650,,,,,,,
202609040912,1.638,2.660,,,,,,,
202609040918,1.627,2.660,,,,,,,
202609040924,1.617,2.620,,,,,,,
202609040930,1.606,2.597,,,,,,,
202609040936,1.594,2.620,,,,,,,
202609040942,1.582,2.558,,,,,,,
202609040948,1.569,2.538,,,,,,,
202609040954,1.556,2.440,,,,,,,
202609041000,1.542,2.519,0.300,0.677,2.519,0.300,2.519,0.300,2.519
202609041006,1.528,2.519,,,,,,,
202609041012,1.513,2.509,,,,,,,
202609041018,1.497,2.420,,,,,,,
202609041024,1.481,2.440,,,,,,,
202609041030,1.465,2.377,,,,,,,
202609041036,1.448,2.400,,,,,,,
202609041042,1.431,2.410,,,,,,,
202609041048,1.413,2.358,,,,,,,
202609041054,1.395,2.358,,,,,,,
202609041100,1.376,2.410,0.300,0.734,2.410,0.300,2.410,0.300,2.410
202609041106,1.357,2.269,,,,,,,
202609041112,1.337,2.328,,,,,,,
202609041118,1.317,2.358,,,,,,,
202609041124,1.296,2.138,,,,,,,
202609041130,1.276,2.240,,,,,,,
202609041136,1.255,2.191,,,,,,,
202609041142,1.233,2.168,,,,,,,
202609041148,1.211,2.148,,,,,,,
202609041154,1.189,2.177,,,,,,,
202609041200,1.167,2.168,0.300,0.701,2.168,0.300,2.168,0.300,2.168
202609041206,1.144,2.118,,,,,,,
202609041212,1.121,2.099,,,,,,,
202609041218,1.098,2.020,,,,,,,
202609041224,1.075,2.069,,,,,,,
202609041230,1.051,2.079,,,,,,,
202609041236,1.027,2.040,,,,,,,
202609041242,1.004,2.030,,,,,,,
202609041248,0.979,1.967,,,,,,,
202609041254,0.955,1.967,,,,,,,
202609041300,0.931,1.958,0.300,0.727,1.958,0.300,1.958,0.300,1.958
202609041306,0.906,1.938,,,,,,,
202609041312,0.881,1.918,,,,,,,
202609041318,0.856,1.889,,,,,,,
202609041324,0.832,1.879,,,,,,,
202609041330,0.807,1.830,,,,,,,
202609041336,0.781,1.781,,,,,,,
202609041342,0.756,1.767,,,,,,,
202609041348,0.731,1.748,,,,,,,
202609041354,0.706,1.738,,,,,,,
202609041400,0.681,1.708,0.300,0.727,1.708,0.300,1.708,0.300,1.708
202609041406,0.656,1.689,,,,,,,
202609041412,0.631,1.649,,,,,,,
202609041418,0.606,1.610,,,,,,,
202609041424,0.581,1.557,,,,,,,
202609041430,0.557,1.528,,,,,,,
202609041436,0.532,1.528,,,,,,,
202609041442,0.508,1.508,,,,,,,
202609041448,0.484,1.459,,,,,,,
202609041454,0.460,1.459,,,,,,,
202609041500,0.437,1.449,0.300,0.712,1.449,0.300,1.449,0.300,1.449
202609041506,0.414,1.439,,,,,,,
202609041512,0.391,1.420,,,,,,,
202609041518,0.368,1.390,,,,,,,
202609041524,0.346,1.318,,,,,,,
202609041530,0.324,1.289,,,,,,,
202609041536,0.303,1.269,,,,,,,
202609041542,0.282,1.249,,,,,,,
202609041548,0.261,1.220,,,,,,,
202609041554,0.241,1.200,,,,,,,
202609041600,0.222,1.180,0.300,0.658,1.180,0.200,1.080,0.300,1.180
202609041606,0.203,1.161,,,,,,,
202609041612,0.184,1.138,,,,,,,
202609041618,0.166,1.170,,,,,,,
202609041624,0.149,1.108,,,,,,,
202609041630,0.132,1.138,,,,,,,
202609041636,0.115,1.108,,,,,,,
202609041642,0.099,1.069,,,,,,,
202609041648,0.084,1.069,,,,,,,
202609041654,0.069,1.029,,,,,,,
202609041700,0.054,1.049,0.300,0.695,1.049,0.200,0.949,0.300,1.049
202609041706,0.040,1.059,,,,,,,
202609041712,0.027,1.039,,,,,,,
202609041718,0.014,1.020,,,,,,,
202609041724,0.001,1.098,,,,,,,
202609041730,-0.010,0.918,,,,,,,
202609041736,-0.021,1.020,,,,,,,
202609041742,-0.032,1.000,,,,,,,
202609041748,-0.042,1.010,,,,,,,
202609041754,-0.052,0.990,,,,,,,
202609041800,-0.062,0.941,0.200,0.803,0.941,0.200,0.941,0.200,0.941
202609041806,-0.071,0.941,,,,,,,
202609041812,-0.080,0.928,,,,,,,
202609041818,-0.087,0.918,,,,,,,
202609041824,-0.095,0.928,,,,,,,
202609041830,-0.102,0.928,,,,,,,
202609041836,-0.108,0.961,,,,,,,
202609041842,-0.114,0.961,,,,,,,
202609041848,-0.119,0.928,,,,,,,
202609041854,-0.124,0.941,,,,,,,
202609041900,-0.128,1.000,0.200,0.928,1.000,0.100,0.900,0.200,1.000
202609041906,-0.131,0.918,,,,,,,
202609041912,-0.134,0.790,,,,,,,
202609041918,-0.136,0.918,,,,,,,
202609041924,-0.137,0.928,,,,,,,
202609041930,-0.138,0.961,,,,,,,
202609041936,-0.138,0.980,,,,,,,
202609041942,-0.137,0.928,,,,,,,
202609041948,-0.135,0.941,,,,,,,
202609041954,-0.133,0.918,,,,,,,
202609042000,-0.130,0.951,0.200,0.881,0.951,0.100,0.851,0.200,0.951
202609042006,-0.126,0.941,,,,,,,
202609042012,-0.121,0.941,,,,,,,
202609042018,-0.116,0.918,,,,,,,
202609042024,-0.109,0.941,,,,,,,
202609042030,-0.102,0.918,,,,,,,
202609042036,-0.095,0.961,,,,,,,
202609042042,-0.086,0.990,,,,,,,
202609042048,-0.077,1.029,,,,,,,
202609042054,-0.067,1.079,,,,,,,
202609042100,-0.056,1.029,0.200,0.885,1.029,0.200,1.029,0.200,1.029
202609042106,-0.045,0.980,,,,,,,
202609042112,-0.033,0.941,,,,,,,
202609042118,-0.020,0.980,,,,,,,
202609042124,-0.007,1.029,,,,,,,
202609042130,0.006,1.098,,,,,,,
202609042136,0.021,0.928,,,,,,,
202609042142,0.036,0.980,,,,,,,
202609042148,0.052,1.029,,,,,,,
202609042154,0.068,1.088,,,,,,,
202609042200,0.084,1.118,0.200,0.834,1.118,0.200,1.118,0.300,1.218
202609042206,0.102,1.069,,,,,,,
202609042212,0.119,1.128,,,,,,,
202609042218,0.137,1.138,,,,,,,
202609042224,0.156,1.229,,,,,,,
202609042230,0.174,1.259,,,,,,,
202609042236,0.193,1.220,,,,,,,
202609042242,0.213,1.200,,,,,,,
202609042248,0.233,1.239,,,,,,,
202609042254,0.253,1.220,,,,,,,
202609042300,0.273,1.249,0.300,0.676,1.249,0.300,1.249,0.300,1.249
202609042306,0.293,1.279,,,,,,,
202609042312,0.314,1.308,,,,,,,
202609042318,0.335,1.361,,,,,,,
202609042324,0.357,1.410,,,,,,,
202609042330,0.378,1.420,,,,,,,
202609042336,0.400,1.361,,,,,,,
202609042342,0.422,1.449,,,,,,,
202609042348,0.444,1.459,,,,,,,
202609042354,0.466,1.508,,,,,,,
202609050000,0.488,1.571,0.100,0.983,1.571,0.100,1.571,0.100,1.571
202609050006,0.511,1.528,,,,,,,
202609050012,0.533,1.528,,,,,,,
202609050018,0.556,1.590,,,,,,,
202609050024,0.579,1.600,,,,,,,
202609050030,0.602,1.679,,,,,,,
202609050036,0.625,1.649,,,,,,,
202609050042,0.648,1.669,,,,,,,
202609050048,0.671,1.679,,,,,,,
202609050054,0.694,1.659,,,,,,,
202609050100,0.717,1.738,0.100,0.921,1.738,0.100,1.738,0.100,1.738
202609050106,0.740,1.781,,,,,,,
202609050112,0.763,1.859,,,,,,,
202609050118,0.786,1.889,,,,,,,
202609050124,0.809,1.869,,,,,,,
202609050130,0.832,1.899,,,,,,,
202609050136,0.855,1.948,,,,,,,
202609050142,0.878,1.967,,,,,,,
202609050148,0.901,2.000,,,,,,,
202609050154,0.923,2.000,,,,,,,
202609050200,0.946,2.030,0.100,0.984,2.030,0.100,2.030,0.100,2.030
202609050206,0.968,2.069,,,,,,,
202609050212,0.990,2.049,,,,,,,
202609050218,1.012,2.049,,,,,,,
202609050224,1.034,2.118,,,,,,,
202609050230,1.056,2.109,,,,,,,
202609050236,1.077,2.177,,,,,,,
202609050242,1.099,2.210,,,,,,,
202609050248,1.120,2.099,,,,,,,
202609050254,1.141,2.191,,,,,,,
202609050300,1.162,2.240,0.100,0.978,2.240,0.000,2.140,0.100,2.240
202609050306,1.183,2.328,,,,,,,
202609050312,1.204,2.338,,,,,,,
202609050318,1.224,2.299,,,,,,,
202609050324,1.244,2.328,,,,,,,
202609050330,1.264,2.328,,,,,,,
202609050336,1.284,2.410,,,,,,,
202609050342,1.304,2.440,,,,,,,
202609050348,1.324,2.420,,,,,,,
202609050354,1.343,2.440,,,,,,,
202609050400,1.362,2.459,0.000,1.097,2.459,0.000,2.459,0.100,2.559
202609050406,1.382,2.509,,,,,,,
202609050412,1.400,2.548,,,,,,,
202609050418,1.419,2.499,,,,,,,
202609050424,1.438,2.509,,,,,,,
202609050430,1.456,2.548,,,,,,,
202609050436,1.474,2.568,,,,,,,
202609050442,1.492,2.578,,,,,,,
202609050448,1.509,2.630,,,,,,,
202609050454,1.526,2.640,,,,,,,
202609050500,1.543,2.689,0.000,1.146,2.689,0.000,2.689,0.100,2.789
202609050506,1.560,2.679,,,,,,,
202609050512,1.576,2.630,,,,,,,
202609050518,1.591,2.597,,,,,,,
202609050524,1.607,2.679,,,,,,,
202609050530,1.622,2.689,,,,,,,
202609050536,1.636,2.758,,,,,,,
202609050542,1.650,2.758,,,,,,,
202609050548,1.664,2.787,,,,,,,
202609050554,1.677,2.807,,,,,,,
202609050600,1.689,2.807,0.100,1.018,2.807,0.100,2.807,0.100,2.807
202609050606,1.701,2.830,,,,,,,
202609050612,1.712,2.830,,,,,,,
202609050618,1.723,2.830,,,,,,,
202609050624,1.733,2.820,,,,,,,
202609050630,1.742,2.840,,,,,,,
202609050636,1.751,2.840,,,,,,,
202609050642,1.760,2.830,,,,,,,
202609050648,1.767,2.830,,,,,,,
202609050654,1.774,2.850,,,,,,,
202609050700,1.781,2.830,0.100,0.949,2.830,0.100,2.830,0.100,2.830
202609050706,1.787,2.860,,,,,,,
202609050712,1.792,2.889,,,,,,,
202609050718,1.797,2.879,,,,,,,
202609050724,1.801,2.889,,,,,,,
202609050730,1.804,2.889,,,,,,,
202609050736,1.807,2.879,,,,,,,
202609050742,1.810,2.850,,,,,,,
202609050748,1.812,2.850,,,,,,,
202609050754,1.813,2.860,,,,,,,
202609050800,1.814,2.860,0.100,0.946,2.860,0.100,2.860,0.100,2.860
202609050806,1.815,2.879,,,,,,,
202609050812,1.815,2.869,,,,,,,
202609050818,1.814,2.869,,,,,,,
202609050824,1.814,2.879,,,,,,,
202609050830,1.812,2.869,,,,,,,
202609050836,1.811,2.909,,,,,,,
202609050842,1.809,2.879,,,,,,,
202609050848,1.806,2.869,,,,,,,
202609050854,1.803,2.860,,,,,,,
202609050900,1.800,2.869,0.100,0.969,2.869,0.100,2.869,0.100,2.869
202609050906,1.796,2.830,,,,,,,
202609050912,1.792,2.879,,,,,,,
202609050918,1.788,2.879,,,,,,,
202609050924,1.783,2.830,,,,,,,
202609050930,1.777,2.879,,,,,,,
202609050936,1.771,2.660,,,,,,,
202609050942,1.765,2.830,,,,,,,
202609050948,1.758,2.807,,,,,,,
202609050954,1.751,2.869,,,,,,,
202609051000,1.743,2.899,0.100,1.056,2.899,0.100,2.899,0.100,2.899
202609051006,1.735,2.768,,,,,,,
202609051012,1.726,2.778,,,,,,,
202609051018,1.717,2.689,,,,,,,
202609051024,1.707,2.758,,,,,,,
202609051030,1.697,2.758,,,,,,,
202609051036,1.686,2.748,,,,,,,
202609051042,1.674,2.768,,,,,,,
202609051048,1.662,2.738,,,,,,,
202609051054,1.649,2.728,,,,,,,
202609051100,1.636,2.709,0.100,0.973,2.709,0.100,2.709,0.200,2.809
202609051106,1.622,2.689,,,,,,,
202609051112,1.608,2.660,,,,,,,
202609051118,1.592,2.620,,,,,,,
202609051124,1.577,2.640,,,,,,,
202609051130,1.560,2.519,,,,,,,
202609051136,1.543,2.578,,,,,,,
202609051142,1.526,2.568,,,,,,,
202609051148,1.508,2.578,,,,,,,
202609051154,1.489,2.558,,,,,,,
202609051200,1.470,2.538,0.300,0.768,2.538,0.200,2.438,0.300,2.538
202609051206,1.451,2.509,,,,,,,
202609051212,1.430,2.479,,,,,,,
202609051218,1.410,2.450,,,,,,,
202609051224,1.388,2.440,,,,,,,
202609051230,1.367,2.420,,,,,,,
202609051236,1.344,2.387,,,,,,,
202609051242,1.322,2.348,,,,,,,
202609051248,1.299,2.289,,,,,,,
202609051254,1.275,2.240,,,,,,,
202609051300,1.251,2.220,0.200,0.769,2.220,0.200,2.220,0.300,2.320
202609051306,1.227,2.220,,,,,,,
202609051312,1.202,2.220,,,,,,,
202609051318,1.177,2.220,,,,,,,
202609051324,1.152,2.128,,,,,,,
202609051330,1.126,2.177,,,,,,,
202609051336,1.100,2.118,,,,,,,
202609051342,1.074,2.128,,,,,,,
202609051348,1.047,1.990,,,,,,,
202609051354,1.020,2.049,,,,,,,
202609051400,0.993,2.059,0.200,0.866,2.059,0.200,2.059,0.300,2.159
202609051406,0.966,2.000,,,,,,,
202609051412,0.938,1.918,,,,,,,
202609051418,0.911,1.889,,,,,,,
202609051424,0.883,1.889,,,,,,,
202609051430,0.855,1.840,,,,,,,
202609051436,0.827,1.879,,,,,,,
202609051442,0.799,1.810,,,,,,,
202609051448,0.771,1.790,,,,,,,
202609051454,0.742,1.781,,,,,,,
202609051500,0.714,1.767,0.200,0.853,1.767,0.200,1.767,0.300,1.867
202609051506,0.686,1.538,,,,,,,
202609051512,0.658,1.630,,,,,,,
202609051518,0.630,1.600,,,,,,,
202609051524,0.603,1.659,,,,,,,
202609051530,0.575,1.630,,,,,,,
202609051536,0.548,1.548,,,,,,,
202609051542,0.520,1.518,,,,,,,
202609051548,0.494,1.469,,,,,,,
202609051554,0.467,1.449,,,,,,,
202609051600,0.441,1.420,0.200,0.779,1.420,0.200,1.420,0.300,1.520
202609051606,0.415,1.420,,,,,,,
202609051612,0.390,1.410,,,,,,,
202609051618,0.365,1.338,,,,,,,
202609051624,0.340,1.338,,,,,,,
202609051630,0.316,1.318,,,,,,,
202609051636,0.292,1.249,,,,,,,
202609051642,0.269,1.210,,,,,,,
202609051648,0.246,1.190,,,,,,,
202609051654,0.224,1.170,,,,,,,
202609051700,0.203,1.138,0.200,0.735,1.138,0.200,1.138,0.300,1.238
202609051706,0.182,1.108,,,,,,,
202609051712,0.161,1.098,,,,,,,
202609051718,0.141,1.020,,,,,,,
202609051724,0.122,1.079,,,,,,,
202609051730,0.103,1.059,,,,,,,
202609051736,0.085,1.029,,,,,,,
202609051742,0.067,1.000,,,,,,,
202609051748,0.050,0.951,,,,,,,
202609051754,0.033,0.970,,,,,,,
202609051800,0.017,0.941,0.200,0.724,0.941,0.200,0.941,0.200,0.941
202609051806,0.001,0.928,,,,,,,
202609051812,-0.013,0.908,,,,,,,
202609051818,-0.027,0.941,,,,,,,
202609051824,-0.041,0.898,,,,,,,
202609051830,-0.055,0.951,,,,,,,
202609051836,-0.067,0.790,,,,,,,
202609051842,-0.080,0.849,,,,,,,
202609051848,-0.092,0.849,,,,,,,
202609051854,-0.103,0.849,,,,,,,
202609051900,-0.114,0.810,0.200,0.724,0.810,0.200,0.810,0.200,0.810
202609051906,-0.124,0.800,,,,,,,
202609051912,-0.134,0.741,,,,,,,
202609051918,-0.143,0.678,,,,,,,
202609051924,-0.151,0.810,,,,,,,
202609051930,-0.159,0.790,,,,,,,
202609051936,-0.166,0.839,,,,,,,
202609051942,-0.173,0.829,,,,,,,
202609051948,-0.178,0.708,,,,,,,
202609051954,-0.184,0.698,,,,,,,
202609052000,-0.188,0.731,0.200,0.719,0.731,0.200,0.731,0.200,0.731
202609052006,-0.192,0.731,,,,,,,
202609052012,-0.195,0.731,,,,,,,
202609052018,-0.197,0.718,,,,,,,
202609052024,-0.198,0.800,,,,,,,
202609052030,-0.199,0.518,,,,,,,
202609052036,-0.199,0.688,,,,,,,
202609052042,-0.198,0.649,,,,,,,
202609052048,-0.196,0.688,,,,,,,
202609052054,-0.193,0.678,,,,,,,
202609052100,-0.190,0.678,0.300,0.568,0.678,0.300,0.678,0.300,0.678
202609052106,-0.185,0.741,,,,,,,
202609052112,-0.180,0.708,,,,,,,
202609052118,-0.174,0.698,,,,,,,
202609052124,-0.167,0.698,,,,,,,
202609052130,-0.159,0.708,,,,,,,
202609052136,-0.150,0.718,,,,,,,
202609052142,-0.141,0.678,,,,,,,
202609052148,-0.130,0.688,,,,,,,
202609052154,-0.119,0.718,,,,,,,
202609052200,-0.107,0.760,0.300,0.567,0.760,0.300,0.760,0.300,0.760
202609052206,-0.095,0.751,,,,,,,
202609052212,-0.082,0.760,,,,,,,
202609052218,-0.067,0.760,,,,,,,
202609052224,-0.053,0.780,,,,,,,
202609052230,-0.038,0.810,,,,,,,
202609052236,-0.022,0.810,,,,,,,
202609052242,-0.005,0.879,,,,,,,
202609052248,0.011,0.839,,,,,,,
202609052254,0.028,0.849,,,,,,,
202609052300,0.046,0.961,0.300,0.615,0.961,0.300,0.961,0.300,0.961
202609052306,0.065,0.970,,,,,,,
202609052312,0.084,0.980,,,,,,,
202609052318,0.103,0.961,,,,,,,
202609052324,0.123,0.980,,,,,,,
202609052330,0.143,1.010,,,,,,,
202609052336,0.163,1.029,,,,,,,
202609052342,0.183,0.980,,,,,,,
202609052348,0.204,1.039,,,,,,,
202609052354,0.225,1.039,,,,,,,
202609060000,0.247,1.029,0.100,0.682,1.029,0.100,1.029,0.100,1.029
202609060006,0.268,1.098,,,,,,,
202609060012,0.290,1.118,,,,,,,
202609060018,0.312,1.151,,,,,,,
202609060024,0.334,1.180,,,,,,,
202609060030,0.356,1.170,,,,,,,
202609060036,0.378,1.249,,,,,,,
202609060042,0.401,1.161,,,,,,,
202609060048,0.423,1.220,,,,,,,
202609060054,0.446,1.269,,,,,,,
202609060100,0.469,1.298,0.100,0.729,1.298,0.100,1.298,0.100,1.298
202609060106,0.491,1.338,,,,,,,
202609060112,0.514,1.380,,,,,,,
202609060118,0.537,1.380,,,,,,,
202609060124,0.560,1.380,,,,,,,
202609060130,0.583,1.390,,,,,,,
202609060136,0.605,1.449,,,,,,,
202609060142,0.628,1.390,,,,,,,
202609060148,0.651,1.508,,,,,,,
202609060154,0.674,1.538,,,,,,,
202609060200,0.697,1.590,0.100,0.793,1.590,0.100,1.590,0.100,1.590
202609060206,0.719,1.689,,,,,,,
202609060212,0.742,1.498,,,,,,,
202609060218,0.765,1.538,,,,,,,
202609060224,0.787,1.580,,,,,,,
202609060230,0.809,1.669,,,,,,,
202609060236,0.832,1.689,,,,,,,
202609060242,0.854,1.679,,,,,,,
202609060248,0.876,1.738,,,,,,,
202609060254,0.898,1.718,,,,,,,
202609060300,0.919,1.781,0.100,0.762,1.781,0.100,1.781,0.100,1.781
202609060306,0.941,1.800,,,,,,,
202609060312,0.963,1.869,,,,,,,
202609060318,0.984,1.899,,,,,,,
202609060324,1.005,1.938,,,,,,,
202609060330,1.027,1.800,,,,,,,
202609060336,1.048,1.938,,,,,,,
202609060342,1.069,1.908,,,,,,,
202609060348,1.090,2.020,,,,,,,
202609060354,1.110,2.069,,,,,,,
202609060400,1.131,2.069,0.100,0.838,2.069,0.100,2.069,0.100,2.069
202609060406,1.151,2.000,,,,,,,
202609060412,1.172,2.000,,,,,,,
202609060418,1.192,2.059,,,,,,,
202609060424,1.212,2.099,,,,,,,
202609060430,1.233,2.138,,,,,,,
202609060436,1.253,2.138,,,,,,,
202609060442,1.273,2.079,,,,,,,
202609060448,1.292,2.210,,,,,,,
202609060454,1.312,2.220,,,,,,,
202609060500,1.332,2.240,0.100,0.808,2.240,0.100,2.240,0.100,2.240
202609060506,1.351,2.279,,,,,,,
202609060512,1.370,2.240,,,,,,,
202609060518,1.390,2.299,,,,,,,
202609060524,1.409,2.318,,,,,,,
202609060530,1.427,2.348,,,,,,,
202609060536,1.446,2.377,,,,,,,
202609060542,1.464,2.459,,,,,,,
202609060548,1.482,2.259,,,,,,,
202609060554,1.500,2.387,,,,,,,
202609060600,1.518,2.430,0.000,0.912,2.430,0.000,2.430,0.000,2.430
202609060606,1.535,2.479,,,,,,,
202609060612,1.552,2.528,,,,,,,
202609060618,1.568,2.597,,,,,,,
202609060624,1.584,2.558,,,,,,,
202609060630,1.600,2.548,,,,,,,
202609060636,1.615,2.558,,,,,,,
202609060642,1.630,2.597,,,,,,,
202609060648,1.644,2.640,,,,,,,
202609060654,1.658,2.620,,,,,,,
202609060700,1.671,2.597,0.000,0.926,2.597,0.000,2.597,0.000,2.597
202609060706,1.684,2.620,,,,,,,
202609060712,1.696,2.620,,,,,,,
202609060718,1.707,2.620,,,,,,,
202609060724,1.718,2.669,,,,,,,
202609060730,1.729,2.689,,,,,,,
202609060736,1.738,2.679,,,,,,,
202609060742,1.748,2.699,,,,,,,
202609060748,1.756,2.597,,,,,,,
202609060754,1.764,2.709,,,,,,,
202609060800,1.772,2.748,0.000,0.976,2.748,0.000,2.748,0.000,2.748
202609060806,1.779,2.709,,,,,,,
202609060812,1.785,2.689,,,,,,,
202609060818,1.791,2.709,,,,,,,
202609060824,1.796,2.699,,,,,,,
202609060830,1.801,2.728,,,,,,,
202609060836,1.806,2.748,,,,,,,
202609060842,1.810,2.748,,,,,,,
202609060848,1.813,2.738,,,,,,,
202609060854,1.816,2.738,,,,,,,
202609060900,1.819,2.709,0.000,0.890,2.709,0.000,2.709,0.000,2.709
202609060906,1.821,2.728,,,,,,,
202609060912,1.823,2.709,,,,,,,
202609060918,1.824,2.758,,,,,,,
202609060924,1.826,2.640,,,,,,,
202609060930,1.826,2.748,,,,,,,
202609060936,1.826,2.758,,,,,,,
202609060942,1.826,2.787,,,,,,,
202609060948,1.826,2.778,,,,,,,
202609060954,1.825,2.787,,,,,,,
202609061000,1.824,2.728,0.000,0.904,2.728,0.000,2.728,0.000,2.728
202609061006,1.822,2.738,,,,,,,
202609061012,1.820,2.758,,,,,,,
202609061018,1.818,2.768,,,,,,,
202609061024,1.815,2.787,,,,,,,
202609061030,1.812,2.778,,,,,,,
202609061036,1.808,2.768,,,,,,,
202609061042,1.803,2.758,,,,,,,
202609061048,1.799,2.748,,,,,,,
202609061054,1.793,2.709,,,,,,,
202609061100,1.787,2.699,0.000,0.912,2.699,0.000,2.699,0.000,2.699
202609061106,1.781,2.699,,,,,,,
202609061112,1.774,2.689,,,,,,,
202609061118,1.766,2.728,,,,,,,
202609061124,1.758,2.669,,,,,,,
202609061130,1.749,2.689,,,,,,,
202609061136,1.740,2.699,,,,,,,
202609061142,1.730,2.709,,,,,,,
202609061148,1.719,2.699,,,,,,,
202609061154,1.707,2.679,,,,,,,
202609061200,1.695,2.689,0.000,0.994,2.689,0.000,2.689,0.000,2.689
202609061206,1.682,2.640,,,,,,,
202609061212,1.668,2.630,,,,,,,
202609061218,1.654,2.620,,,,,,,
202609061224,1.639,2.548,,,,,,,
202609061230,1.624,2.519,,,,,,,
202609061236,1.607,2.489,,,,,,,
202609061242,1.590,2.479,,,,,,,
202609061248,1.572,2.430,,,,,,,
202609061254,1.554,2.420,,,,,,,
202609061300,1.535,2.410,0.000,0.875,2.410,0.000,2.410,0.000,2.410
202609061306,1.515,2.410,,,,,,,
202609061312,1.495,2.377,,,,,,,
202609061318,1.474,2.358,,,,,,,
202609061324,1.453,2.348,,,,,,,
202609061330,1.431,2.318,,,,,,,
202609061336,1.408,2.309,,,,,,,
202609061342,1.385,2.289,,,,,,,
202609061348,1.361,2.269,,,,,,,
202609061354,1.337,2.240,,,,,,,
202609061400,1.312,2.168,0.000,0.856,2.168,0.000,2.168,0.000,2.168
202609061406,1.287,2.138,,,,,,,
202609061412,1.262,2.128,,,,,,,
202609061418,1.236,2.109,,,,,,,
202609061424,1.209,2.109,,,,,,,
202609061430,1.182,2.079,,,,,,,
202609061436,1.155,2.030,,,,,,,
202609061442,1.128,2.079,,,,,,,
202609061448,1.100,1.958,,,,,,,
202609061454,1.072,2.000,,,,,,,
202609061500,1.043,1.958,0.000,0.915,1.958,0.000,1.958,0.000,1.958
202609061506,1.015,1.918,,,,,,,
202609061512,0.986,1.869,,,,,,,
202609061518,0.957,1.830,,,,,,,
202609061524,0.928,1.810,,,,,,,
202609061530,0.898,1.790,,,,,,,
202609061536,0.869,1.728,,,,,,,
202609061542,0.840,1.767,,,,,,,
202609061548,0.810,1.728,,,,,,,
202609061554,0.781,1.758,,,,,,,
202609061600,0.751,1.708,0.000,0.957,1.708,0.000,1.708,0.000,1.708
202609061606,0.722,1.649,,,,,,,
202609061612,0.693,1.630,,,,,,,
202609061618,0.664,1.590,,,,,,,
202609061624,0.635,1.548,,,,,,,
202609061630,0.607,1.528,,,,,,,
202609061636,0.579,1.479,,,,,,,
202609061642,0.551,1.459,,,,,,,
202609061648,0.523,1.420,,,,,,,
202609061654,0.496,1.430,,,,,,,
202609061700,0.469,1.390,0.000,0.921,1.390,0.000,1.390,0.000,1.390
202609061706,0.442,1.361,,,,,,,
202609061712,0.416,1.269,,,,,,,
202609061718,0.391,1.269,,,,,,,
202609061724,0.365,1.239,,,,,,,
202609061730,0.341,1.249,,,,,,,
202609061736,0.317,1.210,,,,,,,
202609061742,0.293,1.220,,,,,,,
202609061748,0.270,1.180,,,,,,,
202609061754,0.248,1.220,,,,,,,
202609061800,0.226,1.039,0.000,0.813,1.039,0.000,1.039,0.000,1.039
202609061806,0.204,1.108,,,,,,,
202609061812,0.184,1.098,,,,,,,
202609061818,0.163,1.079,,,,,,,
202609061824,0.144,1.059,,,,,,,
202609061830,0.124,1.029,,,,,,,
202609061836,0.106,1.010,,,,,,,
202609061842,0.088,0.980,,,,,,,
202609061848,0.070,1.000,,,,,,,
202609061854,0.053,0.918,,,,,,,
202609061900,0.037,0.928,0.000,0.891,0.928,0.000,0.928,0.000,0.928
202609061906,0.021,0.941,,,,,,,
202609061912,0.006,0.898,,,,,,,
202609061918,-0.008,0.869,,,,,,,
202609061924,-0.022,0.859,,,,,,,
202609061930,-0.036,0.849,,,,,,,
202609061936,-0.049,0.839,,,,,,,
202609061942,-0.062,0.829,,,,,,,
202609061948,-0.074,0.829,,,,,,,
202609061954,-0.086,0.770,,,,,,,
202609062000,-0.097,0.760,0.000,0.857,0.760,0.000,0.760,0.000,0.760
202609062006,-0.107,0.780,,,,,,,
202609062012,-0.117,0.800,,,,,,,
202609062018,-0.126,0.678,,,,,,,
202609062024,-0.134,0.688,,,,,,,
202609062030,-0.142,0.659,,,,,,,
202609062036,-0.149,0.698,,,,,,,
202609062042,-0.156,0.708,,,,,,,
202609062048,-0.162,0.741,,,,,,,
202609062054,-0.167,0.619,,,,,,,
202609062100,-0.171,0.669,0.100,0.740,0.669,0.100,0.669,0.100,0.669
202609062106,-0.174,0.669,,,,,,,
202609062112,-0.177,0.708,,,,,,,
202609062118,-0.179,0.678,,,,,,,
202609062124,-0.180,0.678,,,,,,,
202609062130,-0.180,0.649,,,,,,,
202609062136,-0.179,0.698,,,,,,,
202609062142,-0.178,0.708,,,,,,,
202609062148,-0.175,0.698,,,,,,,
202609062154,-0.172,0.688,,,,,,,
202609062200,-0.167,0.698,0.100,0.765,0.698,0.100,0.698,0.100,0.698
202609062206,-0.162,0.708,,,,,,,
202609062212,-0.156,0.708,,,,,,,
202609062218,-0.149,0.708,,,,,,,
202609062224,-0.142,0.659,,,,,,,
202609062230,-0.133,0.751,,,,,,,
202609062236,-0.124,0.731,,,,,,,
202609062242,-0.114,0.770,,,,,,,
202609062248,-0.103,0.810,,,,,,,
202609062254,-0.091,0.790,,,,,,,
202609062300,-0.079,0.790,0.100,0.769,0.790,0.100,0.790,0.100,0.790
202609062306,-0.066,0.780,,,,,,,
202609062312,-0.052,0.819,,,,,,,
202609062318,-0.038,0.829,,,,,,,
202609062324,-0.023,0.849,,,,,,,
202609062330,-0.007,0.849,,,,,,,
202609062336,0.008,0.869,,,,,,,
202609062342,0.024,0.888,,,,,,,
202609062348,0.041,0.908,,,,,,,
202609062354,0.058,0.918,,,,,,,
202609070000,0.076,0.918,0.100,0.742,0.918,0.100,0.918,0.100,0.918
202609070006,0.094,,,,,,,,
202609070012,0.113,,,,,,,,
202609070018,0.131,,,,,,,,
202609070024,0.150,,,,,,,,
202609070030,0.169,,,,,,,,
202609070036,0.189,,,,,,,,
202609070042,0.208,,,,,,,,
202609070048,0.228,,,,,,,,
202609070054,0.248,,,,,,,,
202609070100,0.268,,0.000,0.747,1.015,0.000,1.015,0.100,1.115
202609070106,0.288,,,,,,,,
202609070112,0.308,,,,,,,,
202609070118,0.329,,,,,,,,
202609070124,0.349,,,,,,,,
202609070130,0.370,,,,,,,,
202609070136,0.390,,,,,,,,
202609070142,0.411,,,,,,,,
202609070148,0.431,,,,,,,,
202609070154,0.452,,,,,,,,
202609070200,0.472,,0.000,0.752,1.224,0.000,1.224,0.100,1.324
202609070206,0.493,,,,,,,,
202609070212,0.513,,,,,,,,
202609070218,0.534,,,,,,,,
202609070224,0.555,,,,,,,,
202609070230,0.575,,,,,,,,
202609070236,0.596,,,,,,,,
202609070242,0.616,,,,,,,,
202609070248,0.637,,,,,,,,
202609070254,0.657,,,,,,,,
202609070300,0.677,,0.000,0.756,1.433,0.000,1.433,0.100,1.533
202609070306,0.697,,,,,,,,
202609070312,0.718,,,,,,,,
202609070318,0.738,,,,,,,,
202609070324,0.758,,,,,,,,
202609070330,0.778,,,,,,,,
202609070336,0.797,,,,,,,,
202609070342,0.817,,,,,,,,
202609070348,0.837,,,,,,,,
202609070354,0.857,,,,,,,,
202609070400,0.876,,0.000,0.761,1.637,0.000,1.637,0.000,1.637
202609070406,0.896,,,,,,,,
202609070412,0.915,,,,,,,,
202609070418,0.935,,,,,,,,
202609070424,0.954,,,,,,,,
202609070430,0.973,,,,,,,,
202609070436,0.992,,,,,,,,
202609070442,1.012,,,,,,,,
202609070448,1.031,,,,,,,,
202609070454,1.050,,,,,,,,
202609070500,1.069,,0.000,0.766,1.835,0.000,1.835,0.000,1.835
202609070506,1.088,,,,,,,,
202609070512,1.107,,,,,,,,
202609070518,1.126,,,,,,,,
202609070524,1.146,,,,,,,,
202609070530,1.165,,,,,,,,
202609070536,1.184,,,,,,,,
202609070542,1.203,,,,,,,,
202609070548,1.222,,,,,,,,
202609070554,1.241,,,,,,,,
202609070600,1.259,,0.100,0.771,2.130,0.000,2.030,0.100,2.130
202609070606,1.278,,,,,,,,
202609070612,1.297,,,,,,,,
202609070618,1.316,,,,,,,,
202609070624,1.334,,,,,,,,
202609070630,1.352,,,,,,,,
202609070636,1.371,,,,,,,,
202609070642,1.389,,,,,,,,
202609070648,1.406,,,,,,,,
202609070654,1.424,,,,,,,,
202609070700,1.441,,0.100,0.775,2.316,0.000,2.216,0.100,2.316
202609070706,1.458,,,,,,,,
202609070712,1.475,,,,,,,,
202609070718,1.491,,,,,,,,
202609070724,1.507,,,,,,,,
202609070730,1.523,,,,,,,,
202609070736,1.538,,,,,,,,
202609070742,1.553,,,,,,,,
202609070748,1.567,,,,,,,,
202609070754,1.581,,,,,,,,
202609070800,1.595,,0.000,0.780,2.375,0.000,2.375,0.100,2.475
202609070806,1.608,,,,,,,,
202609070812,1.620,,,,,,,,
202609070818,1.632,,,,,,,,
202609070824,1.644,,,,,,,,
202609070830,1.655,,,,,,,,
202609070836,1.665,,,,,,,,
202609070842,1.675,,,,,,,,
202609070848,1.685,,,,,,,,
202609070854,1.694,,,,,,,,
202609070900,1.702,,0.000,0.785,2.487,0.000,2.487,0.100,2.587
202609070906,1.710,,,,,,,,
202609070912,1.718,,,,,,,,
202609070918,1.725,,,,,,,,
202609070924,1.732,,,,,,,,
202609070930,1.739,,,,,,,,
202609070936,1.745,,,,,,,,
202609070942,1.750,,,,,,,,
202609070948,1.756,,,,,,,,
202609070954,1.760,,,,,,,,
202609071000,1.765,,0.000,0.790,2.555,0.000,2.555,0.100,2.655
202609071006,1.769,,,,,,,,
202609071012,1.773,,,,,,,,
202609071018,1.777,,,,,,,,
202609071024,1.780,,,,,,,,
202609071030,1.783,,,,,,,,
202609071036,1.786,,,,,,,,
202609071042,1.788,,,,,,,,
202609071048,1.790,,,,,,,,
202609071054,1.791,,,,,,,,
202609071100,1.792,,0.000,0.794,2.586,0.000,2.586,0.100,2.686
202609071106,1.793,,,,,,,,
202609071112,1.793,,,,,,,,
202609071118,1.793,,,,,,,,
202609071124,1.792,,,,,,,,
202609071130,1.791,,,,,,,,
202609071136,1.790,,,,,,,,
202609071142,1.787,,,,,,,,
202609071148,1.785,,,,,,,,
202609071154,1.781,,,,,,,,
202609071200,1.777,,0.000,0.799,2.576,0.000,2.576,0.000,2.576
202609071206,1.773,,,,,,,,
202609071212,1.768,,,,,,,,
202609071218,1.762,,,,,,,,
202609071224,1.755,,,,,,,,
202609071230,1.748,,,,,,,,
202609071236,1.740,,,,,,,,
202609071242,1.731,,,,,,,,
202609071248,1.722,,,,,,,,
202609071254,1.711,,,,,,,,
202609071300,1.700,,0.000,0.799,2.499,0.000,2.499,0.000,2.499
202609071306,1.689,,,,,,,,
202609071312,1.676,,,,,,,,
202609071318,1.663,,,,,,,,
202609071324,1.649,,,,,,,,
202609071330,1.634,,,,,,,,
202609071336,1.619,,,,,,,,
202609071342,1.602,,,,,,,,
202609071348,1.585,,,,,,,,
202609071354,1.568,,,,,,,,
202609071400,1.549,,0.000,0.799,2.348,0.000,2.348,0.000,2.348
202609071406,1.530,,,,,,,,
202609071412,1.511,,,,,,,,
202609071418,1.490,,,,,,,,
202609071424,1.469,,,,,,,,
202609071430,1.448,,,,,,,,
202609071436,1.426,,,,,,,,
202609071442,1.403,,,,,,,,
202609071448,1.380,,,,,,,,
202609071454,1.356,,,,,,,,
202609071500,1.332,,0.000,0.799,2.131,0.000,2.131,0.000,2.131
202609071506,1.307,,,,,,,,
202609071512,1.282,,,,,,,,
202609071518,1.256,,,,,,,,
202609071524,1.230,,,,,,,,
202609071530,1.204,,,,,,,,
202609071536,1.177,,,,,,,,
202609071542,1.150,,,,,,,,
202609071548,1.123,,,,,,,,
202609071554,1.095,,,,,,,,
202609071600,1.067,,0.000,0.799,1.866,0.000,1.866,0.000,1.866
202609071606,1.039,,,,,,,,
202609071612,1.011,,,,,,,,
202609071618,0.983,,,,,,,,
202609071624,0.954,,,,,,,,
202609071630,0.926,,,,,,,,
202609071636,0.897,,,,,,,,
202609071642,0.869,,,,,,,,
202609071648,0.840,,,,,,,,
202609071654,0.812,,,,,,,,
202609071700,0.784,,0.000,0.799,1.583,0.000,1.583,0.000,1.583
202609071706,0.755,,,,,,,,
202609071712,0.727,,,,,,,,
202609071718,0.700,,,,,,,,
202609071724,0.672,,,,,,,,
202609071730,0.645,,,,,,,,
202609071736,0.618,,,,,,,,
202609071742,0.591,,,,,,,,
202609071748,0.565,,,,,,,,
202609071754,0.539,,,,,,,,
202609071800,0.514,,0.000,0.799,1.313,0.000,1.313,0.000,1.313
202609071806,0.489,,,,,,,,
202609071812,0.464,,,,,,,,
202609071818,0.440,,,,,,,,
202609071824,0.417,,,,,,,,
202609071830,0.394,,,,,,,,
202609071836,0.371,,,,,,,,
202609071842,0.349,,,,,,,,
202609071848,0.328,,,,,,,,
202609071854,0.307,,,,,,,,
202609071900,0.286,,0.000,0.799,1.085,0.000,1.085,0.000,1.085
202609071906,0.266,,,,,,,,
202609071912,0.247,,,,,,,,
202609071918,0.228,,,,,,,,
202609071924,0.210,,,,,,,,
202609071930,0.192,,,,,,,,
202609071936,0.175,,,,,,,,
202609071942,0.158,,,,,,,,
202609071948,0.142,,,,,,,,
202609071954,0.127,,,,,,,,
202609072000,0.112,,0.000,0.799,0.911,0.000,0.911,0.000,0.911
202609072006,0.097,,,,,,,,
202609072012,0.083,,,,,,,,
202609072018,0.069,,,,,,,,
202609072024,0.056,,,,,,,,
202609072030,0.044,,,,,,,,
202609072036,0.032,,,,,,,,
202609072042,0.020,,,,,,,,
202609072048,0.009,,,,,,,,
202609072054,0.000,,,,,,,,
202609072100,-0.010,,0.000,0.799,0.789,0.000,0.789,0.100,0.889
202609072106,-0.019,,,,,,,,
202609072112,-0.027,,,,,,,,
202609072118,-0.035,,,,,,,,
202609072124,-0.043,,,,,,,,
202609072130,-0.049,,,,,,,,
202609072136,-0.055,,,,,,,,
202609072142,-0.061,,,,,,,,
202609072148,-0.065,,,,,,,,
202609072154,-0.069,,,,,,,,
202609072200,-0.072,,0.000,0.799,0.727,0.000,0.727,0.100,0.827
202609072206,-0.074,,,,,,,,
202609072212,-0.076,,,,,,,,
202609072218,-0.077,,,,,,,,
202609072224,-0.077,,,,,,,,
202609072230,-0.076,,,,,,,,
202609072236,-0.074,,,,,,,,
202609072242,-0.072,,,,,,,,
202609072248,-0.068,,,,,,,,
202609072254,-0.064,,,,,,,,
202609072300,-0.059,,0.000,0.799,0.740,0.000,0.740,0.100,0.840
202609072306,-0.053,,,,,,,,
202609072312,-0.047,,,,,,,,
202609072318,-0.040,,,,,,,,
202609072324,-0.032,,,,,,,,
202609072330,-0.023,,,,,,,,
202609072336,-0.014,,,,,,,,
202609072342,-0.004,,,,,,,,
202609072348,0.006,,,,,,,,
202609072354,0.017,,,,,,,,
202609080000,0.029,,0.000,0.799,0.828,0.000,0.828,0.000,0.828
202609080006,0.042,,,,,,,,
202609080012,0.055,,,,,,,,
202609080018,0.068,,,,,,,,
202609080024,0.082,,,,,,,,
202609080030,0.096,,,,,,,,
202609080036,0.110,,,,,,,,
202609080042,0.125,,,,,,,,
202609080048,0.140,,,,,,,,
202609080054,0.156,,,,,,,,
202609080100,0.171,,0.000,0.799,0.970,0.000,0.970,0.000,0.970
202609080106,0.187,,,,,,,,
202609080112,0.203,,,,,,,,
202609080118,0.219,,,,,,,,
202609080124,0.236,,,,,,,,
202609080130,0.252,,,,,,,,
202609080136,0.269,,,,,,,,
202609080142,0.285,,,,,,,,
202609080148,0.302,,,,,,,,
202609080154,0.319,,,,,,,,
202609080200,0.335,,0.000,0.799,1.134,0.000,1.134,0.000,1.134
202609080206,0.352,,,,,,,,
202609080212,0.369,,,,,,,,
202609080218,0.386,,,,,,,,
202609080224,0.403,,,,,,,,
202609080230,0.419,,,,,,,,
202609080236,0.436,,,,,,,,
202609080242,0.453,,,,,,,,
202609080248,0.470,,,,,,,,
202609080254,0.486,,,,,,,,
202609080300,0.503,,0.000,0.799,1.302,0.000,1.302,0.000,1.302
202609080306,0.520,,,,,,,,
202609080312,0.536,,,,,,,,
202609080318,0.553,,,,,,,,
202609080324,0.569,,,,,,,,
202609080330,0.586,,,,,,,,
202609080336,0.603,,,,,,,,
202609080342,0.619,,,,,,,,
202609080348,0.635,,,,,,,,
202609080354,0.652,,,,,,,,
202609080400,0.668,,0.000,0.799,1.467,0.000,1.467,0.000,1.467
202609080406,0.684,,,,,,,,
202609080412,0.701,,,,,,,,
202609080418,0.717,,,,,,,,
202609080424,0.733,,,,,,,,
202609080430,0.749,,,,,,,,
202609080436,0.765,,,,,,,,
202609080442,0.781,,,,,,,,
202609080448,0.798,,,,,,,,
202609080454,0.814,,,,,,,,
202609080500,0.830,,0.000,0.799,1.629,0.000,1.629,0.000,1.629
202609080506,0.846,,,,,,,,
202609080512,0.862,,,,,,,,
202609080518,0.878,,,,,,,,
202609080524,0.894,,,,,,,,
202609080530,0.910,,,,,,,,
202609080536,0.926,,,,,,,,
202609080542,0.943,,,,,,,,
202609080548,0.959,,,,,,,,
202609080554,0.975,,,,,,,,
202609080600,0.992,,0.000,0.799,1.791,0.000,1.791,0.000,1.791
202609080606,1.008,,,,,,,,
202609080612,1.025,,,,,,,,
202609080618,1.041,,,,,,,,
202609080624,1.058,,,,,,,,
202609080630,1.075,,,,,,,,
202609080636,1.092,,,,,,,,
202609080642,1.109,,,,,,,,
202609080648,1.126,,,,,,,,
202609080654,1.143,,,,,,,,
202609080700,1.160,,0.000,0.799,1.959,0.000,1.959,0.000,1.959
202609080706,1.177,,,,,,,,
202609080712,1.194,,,,,,,,
202609080718,1.211,,,,,,,,
202609080724,1.227,,,,,,,,
202609080730,1.244,,,,,,,,
202609080736,1.261,,,,,,,,
202609080742,1.278,,,,,,,,
202609080748,1.294,,,,,,,,
202609080754,1.310,,,,,,,,
202609080800,1.327,,0.000,0.799,2.126,0.000,2.126,0.000,2.126
202609080806,1.343,,,,,,,,
202609080812,1.358,,,,,,,,
202609080818,1.374,,,,,,,,
202609080824,1.389,,,,,,,,
202609080830,1.404,,,,,,,,
202609080836,1.418,,,,,,,,
202609080842,1.432,,,,,,,,
202609080848,1.446,,,,,,,,
202609080854,1.460,,,,,,,,
202609080900,1.473,,0.000,0.799,2.272,0.000,2.272,0.000,2.272
202609080906,1.485,,,,,,,,
202609080912,1.498,,,,,,,,
202609080918,1.510,,,,,,,,
202609080924,1.521,,,,,,,,
202609080930,1.532,,,,,,,,
202609080936,1.543,,,,,,,,
202609080942,1.554,,,,,,,,
202609080948,1.564,,,,,,,,
202609080954,1.573,,,,,,,,
202609081000,1.582,,0.000,0.799,2.381,0.000,2.381,0.000,2.381
202609081006,1.591,,,,,,,,
202609081012,1.600,,,,,,,,
202609081018,1.608,,,,,,,,
202609081024,1.616,,,,,,,,
202609081030,1.624,,,,,,,,
202609081036,1.631,,,,,,,,
202609081042,1.638,,,,,,,,
202609081048,1.645,,,,,,,,
202609081054,1.652,,,,,,,,
202609081100,1.658,,0.000,0.799,2.457,0.000,2.457,0.000,2.457
202609081106,1.664,,,,,,,,
202609081112,1.669,,,,,,,,
202609081118,1.675,,,,,,,,
202609081124,1.680,,,,,,,,
202609081130,1.684,,,,,,,,
202609081136,1.689,,,,,,,,
202609081142,1.693,,,,,,,,
202609081148,1.696,,,,,,,,
202609081154,1.700,,,,,,,,
202609081200,1.702,,0.000,0.799,2.501,0.000,2.501,0.000,2.501
202609081206,1.705,,,,,,,,
202609081212,1.707,,,,,,,,
202609081218,1.708,,,,,,,,
202609081224,1.709,,,,,,,,
202609081230,1.710,,,,,,,,
202609081236,1.710,,,,,,,,
202609081242,1.709,,,,,,,,
202609081248,1.708,,,,,,,,
202609081254,1.706,,,,,,,,
202609081300,1.704,,0.000,0.799,2.503,0.000,2.503,0.000,2.503
202609081306,1.700,,,,,,,,
202609081312,1.697,,,,,,,,
202609081318,1.692,,,,,,,,
202609081324,1.687,,,,,,,,
202609081330,1.681,,,,,,,,
202609081336,1.674,,,,,,,,
202609081342,1.667,,,,,,,,
202609081348,1.658,,,,,,,,
202609081354,1.649,,,,,,,,
202609081400,1.640,,0.000,0.799,2.439,0.000,2.439,0.000,2.439
202609081406,1.629,,,,,,,,
202609081412,1.618,,,,,,,,
202609081418,1.606,,,,,,,,
202609081424,1.593,,,,,,,,
202609081430,1.580,,,,,,,,
202609081436,1.566,,,,,,,,
202609081442,1.551,,,,,,,,
202609081448,1.535,,,,,,,,
202609081454,1.519,,,,,,,,
202609081500,1.502,,0.000,0.799,2.301,0.000,2.301,0.000,2.301
202609081506,1.485,,,,,,,,
202609081512,1.467,,,,,,,,
202609081518,1.448,,,,,,,,
202609081524,1.429,,,,,,,,
202609081530,1.409,,,,,,,,
202609081536,1.388,,,,,,,,
202609081542,1.367,,,,,,,,
202609081548,1.346,,,,,,,,
202609081554,1.324,,,,,,,,
202609081600,1.302,,0.000,0.799,2.101,0.000,2.101,0.000,2.101
202609081606,1.279,,,,,,,,
202609081612,1.256,,,,,,,,
202609081618,1.233,,,,,,,,
202609081624,1.209,,,,,,,,
202609081630,1.185,,,,,,,,
202609081636,1.161,,,,,,,,
202609081642,1.136,,,,,,,,
202609081648,1.111,,,,,,,,
202609081654,1.086,,,,,,,,
202609081700,1.061,,0.000,0.799,1.860,0.000,1.860,0.000,1.860
202609081706,1.036,,,,,,,,
202609081712,1.010,,,,,,,,
202609081718,0.985,,,,,,,,
202609081724,0.959,,,,,,,,
202609081730,0.933,,,,,,,,
202609081736,0.908,,,,,,,,
202609081742,0.882,,,,,,,,
202609081748,0.857,,,,,,,,
202609081754,0.832,,,,,,,,
202609081800,0.807,,0.000,0.799,1.606,0.000,1.606,0.000,1.606
202609081806,0.782,,,,,,,,
202609081812,0.757,,,,,,,,
202609081818,0.733,,,,,,,,
202609081824,0.708,,,,,,,,
202609081830,0.685,,,,,,,,
202609081836,0.661,,,,,,,,
202609081842,0.638,,,,,,,,
202609081848,0.615,,,,,,,,
202609081854,0.593,,,,,,,,
202609081900,0.571,,0.000,0.799,1.370,0.000,1.370,0.000,1.370
202609081906,0.550,,,,,,,,
202609081912,0.529,,,,,,,,
202609081918,0.508,,,,,,,,
202609081924,0.488,,,,,,,,
202609081930,0.469,,,,,,,,
202609081936,0.450,,,,,,,,
202609081942,0.432,,,,,,,,
202609081948,0.414,,,,,,,,
202609081954,0.396,,,,,,,,
202609082000,0.380,,0.000,0.799,1.179,0.000,1.179,0.000,1.179
202609082006,0.363,,,,,,,,
202609082012,0.347,,,,,,,,
202609082018,0.332,,,,,,,,
202609082024,0.317,,,,,,,,
202609082030,0.303,,,,,,,,
202609082036,0.289,,,,,,,,
202609082042,0.276,,,,,,,,
202609082048,0.263,,,,,,,,
202609082054,0.250,,,,,,,,
202609082100,0.238,,0.000,0.799,1.037,0.000,1.037,0.000,1.037
202609082106,0.227,,,,,,,,
202609082112,0.215,,,,,,,,
202609082118,0.205,,,,,,,,
202609082124,0.195,,,,,,,,
202609082130,0.185,,,,,,,,
202609082136,0.176,,,,,,,,
202609082142,0.167,,,,,,,,
202609082148,0.159,,,,,,,,
202609082154,0.151,,,,,,,,
202609082200,0.144,,0.000,0.799,0.943,0.000,0.943,0.000,0.943
202609082206,0.137,,,,,,,,
202609082212,0.131,,,,,,,,
202609082218,0.125,,,,,,,,
202609082224,0.120,,,,,,,,
202609082230,0.116,,,,,,,,
202609082236,0.112,,,,,,,,
202609082242,0.108,,,,,,,,
202609082248,0.106,,,,,,,,
202609082254,0.104,,,,,,,,
202609082300,0.102,,0.000,0.799,0.901,0.000,0.901,0.000,0.901
202609082306,0.102,,,,,,,,
202609082312,0.101,,,,,,,,
202609082318,0.102,,,,,,,,
202609082324,0.103,,,,,,,,
202609082330,0.105,,,,,,,,
202609082336,0.108,,,,,,,,
202609082342,0.111,,,,,,,,
202609082348,0.115,,,,,,,,
202609082354,0.120,,,,,,,,
202609090000,0.125,,0.000,0.799,0.924,0.000,0.924,0.000,0.924
202609090006,0.130,,,,,,,,
202609090012,0.137,,,,,,,,
202609090018,0.144,,,,,,,,
202609090024,0.151,,,,,,,,
202609090030,0.159,,,,,,,,
202609090036,0.168,,,,,,,,
202609090042,0.177,,,,,,,,
202609090048,0.186,,,,,,,,
202609090054,0.196,,,,,,,,
202609090100,0.206,,0.000,0.799,1.005,0.000,1.005,0.000,1.005
202609090106,0.216,,,,,,,,
202609090112,0.227,,,,,,,,
202609090118,0.238,,,,,,,,
202609090124,0.249,,,,,,,,
202609090130,0.261,,,,,,,,
202609090136,0.272,,,,,,,,
202609090142,0.284,,,,,,,,
202609090148,0.296,,,,,,,,
202609090154,0.308,,,,,,,,
202609090200,0.320,,0.000,0.799,1.119,0.000,1.119,0.000,1.119
202609090206,0.332,,,,,,,,
202609090212,0.345,,,,,,,,
202609090218,0.357,,,,,,,,
202609090224,0.369,,,,,,,,
202609090230,0.381,,,,,,,,
202609090236,0.394,,,,,,,,
202609090242,0.406,,,,,,,,
202609090248,0.418,,,,,,,,
202609090254,0.430,,,,,,,,
202609090300,0.442,,0.000,0.799,1.241,-0.100,1.141,0.000,1.241
202609090306,0.454,,,,,,,,
202609090312,0.466,,,,,,,,
202609090318,0.478,,,,,,,,
202609090324,0.490,,,,,,,,
202609090330,0.502,,,,,,,,
202609090336,0.514,,,,,,,,
202609090342,0.526,,,,,,,,
202609090348,0.537,,,,,,,,
202609090354,0.549,,,,,,,,
202609090400,0.561,,0.000,0.799,1.360,-0.100,1.260,0.000,1.360
202609090406,0.572,,,,,,,,
202609090412,0.584,,,,,,,,
202609090418,0.595,,,,,,,,
202609090424,0.607,,,,,,,,
202609090430,0.618,,,,,,,,
202609090436,0.630,,,,,,,,
202609090442,0.641,,,,,,,,
202609090448,0.652,,,,,,,,
202609090454,0.664,,,,,,,,
202609090500,0.675,,-0.100,0.799,1.374,-0.100,1.374,0.000,1.474
202609090506,0.686,,,,,,,,
202609090512,0.698,,,,,,,,
202609090518,0.709,,,,,,,,
202609090524,0.720,,,,,,,,
202609090530,0.731,,,,,,,,
202609090536,0.743,,,,,,,,
202609090542,0.754,,,,,,,,
202609090548,0.765,,,,,,,,
202609090554,0.777,,,,,,,,
202609090600,0.788,,0.000,0.799,1.587,0.000,1.587,0.000,1.587
202609090606,0.800,,,,,,,,
202609090612,0.811,,,,,,,,
202609090618,0.823,,,,,,,,
202609090624,0.835,,,,,,,,
202609090630,0.847,,,,,,,,
202609090636,0.859,,,,,,,,
202609090642,0.871,,,,,,,,
202609090648,0.884,,,,,,,,
202609090654,0.896,,,,,,,,
202609090700,0.909,,0.000,0.799,1.708,0.000,1.708,0.000,1.708
202609090706,0.922,,,,,,,,
202609090712,0.935,,,,,,,,
202609090718,0.948,,,,,,,,
202609090724,0.961,,,,,,,,
202609090730,0.975,,,,,,,,
202609090736,0.988,,,,,,,,
202609090742,1.002,,,,,,,,
202609090748,1.016,,,,,,,,
202609090754,1.030,,,,,,,,
202609090800,1.044,,0.000,0.799,1.843,0.000,1.843,0.000,1.843
202609090806,1.058,,,,,,,,
202609090812,1.073,,,,,,,,
202609090818,1.087,,,,,,,,
202609090824,1.101,,,,,,,,
202609090830,1.116,,,,,,,,
202609090836,1.130,,,,,,,,
202609090842,1.145,,,,,,,,
202609090848,1.159,,,,,,,,
202609090854,1.173,,,,,,,,
202609090900,1.188,,0.000,0.799,1.987,0.000,1.987,0.000,1.987
202609090906,1.202,,,,,,,,
202609090912,1.216,,,,,,,,
202609090918,1.229,,,,,,,,
202609090924,1.243,,,,,,,,
202609090930,1.256,,,,,,,,
202609090936,1.269,,,,,,,,
202609090942,1.282,,,,,,,,
202609090948,1.295,,,,,,,,
202609090954,1.307,,,,,,,,
202609091000,1.319,,0.000,0.799,2.118,0.000,2.118,0.000,2.118
202609091006,1.331,,,,,,,,
202609091012,1.342,,,,,,,,
202609091018,1.354,,,,,,,,
202609091024,1.365,,,,,,,,
202609091030,1.375,,,,,,,,
202609091036,1.386,,,,,,,,
202609091042,1.396,,,,,,,,
202609091048,1.405,,,,,,,,
202609091054,1.415,,,,,,,,
202609091100,1.424,,0.000,0.799,2.223,0.000,2.223,0.000,2.223
202609091106,1.433,,,,,,,,
202609091112,1.442,,,,,,,,
202609091118,1.450,,,,,,,,
202609091124,1.459,,,,,,,,
202609091130,1.467,,,,,,,,
202609091136,1.474,,,,,,,,
202609091142,1.482,,,,,,,,
202609091148,1.489,,,,,,,,
202609091154,1.496,,,,,,,,
202609091200,1.503,,0.000,0.799,2.302,-0.100,2.202,0.000,2.302
202609091206,1.510,,,,,,,,
202609091212,1.516,,,,,,,,
202609091218,1.522,,,,,,,,
202609091224,1.528,,,,,,,,
202609091230,1.533,,,,,,,,
202609091236,1.538,,,,,,,,
202609091242,1.543,,,,,,,,
202609091248,1.547,,,,,,,,
202609091254,1.552,,,,,,,,
202609091300,1.555,,-0.100,0.799,2.254,-0.100,2.254,0.000,2.354
202609091306,1.559,,,,,,,,
202609091312,1.561,,,,,,,,
202609091318,1.564,,,,,,,,
202609091324,1.566,,,,,,,,
202609091330,1.567,,,,,,,,
202609091336,1.568,,,,,,,,
202609091342,1.568,,,,,,,,
202609091348,1.568,,,,,,,,
202609091354,1.567,,,,,,,,
202609091400,1.566,,-0.100,0.799,2.265,-0.100,2.265,0.000,2.365
202609091406,1.563,,,,,,,,
202609091412,1.561,,,,,,,,
202609091418,1.557,,,,,,,,
202609091424,1.553,,,,,,,,
202609091430,1.548,,,,,,,,
202609091436,1.543,,,,,,,,
202609091442,1.537,,,,,,,,
202609091448,1.530,,,,,,,,
202609091454,1.523,,,,,,,,
202609091500,1.514,,-0.100,0.799,2.213,-0.100,2.213,0.000,2.313
202609091506,1.506,,,,,,,,
202609091512,1.496,,,,,,,,
202609091518,1.486,,,,,,,,
202609091524,1.475,,,,,,,,
202609091530,1.464,,,,,,,,
202609091536,1.452,,,,,,,,
202609091542,1.439,,,,,,,,
202609091548,1.426,,,,,,,,
202609091554,1.412,,,,,,,,
202609091600,1.398,,-0.100,0.799,2.097,-0.100,2.097,0.000,2.197
202609091606,1.383,,,,,,,,
202609091612,1.368,,,,,,,,
202609091618,1.352,,,,,,,,
202609091624,1.336,,,,,,,,
202609091630,1.319,,,,,,,,
202609091636,1.302,,,,,,,,
202609091642,1.284,,,,,,,,
202609091648,1.266,,,,,,,,
202609091654,1.248,,,,,,,,
202609091700,1.229,,-0.100,0.799,1.928,-0.100,1.928,0.000,2.028
202609091706,1.210,,,,,,,,
202609091712,1.191,,,,,,,,
202609091718,1.172,,,,,,,,
202609091724,1.152,,,,,,,,
202609091730,1.132,,,,,,,,
202609091736,1.112,,,,,,,,
202609091742,1.091,,,,,,,,
202609091748,1.071,,,,,,,,
202609091754,1.050,,,,,,,,
202609091800,1.029,,-0.100,0.799,1.728,-0.100,1.728,0.000,1.828
202609091806,1.008,,,,,,,,
202609091812,0.987,,,,,,,,
202609091818,0.967,,,,,,,,
202609091824,0.946,,,,,,,,
202609091830,0.925,,,,,,,,
202609091836,0.904,,,,,,,,
202609091842,0.884,,,,,,,,
202609091848,0.863,,,,,,,,
202609091854,0.843,,,,,,,,
202609091900,0.823,,0.000,0.799,1.622,-0.100,1.522,0.000,1.622
202609091906,0.804,,,,,,,,
202609091912,0.784,,,,,,,,
202609091918,0.765,,,,,,,,
202609091924,0.746,,,,,,,,
202609091930,0.728,,,,,,,,
202609091936,0.710,,,,,,,,
202609091942,0.692,,,,,,,,
202609091948,0.675,,,,,,,,
202609091954,0.658,,,,,,,,
202609092000,0.642,,-0.100,0.799,1.341,-0.100,1.341,0.000,1.441
202609092006,0.626,,,,,,,,
202609092012,0.611,,,,,,,,
202609092018,0.596,,,,,,,,
202609092024,0.581,,,,,,,,
202609092030,0.567,,,,,,,,
202609092036,0.554,,,,,,,,
202609092042,0.541,,,,,,,,
202609092048,0.528,,,,,,,,
202609092054,0.516,,,,,,,,
202609092100,0.505,,0.000,0.799,1.304,0.000,1.304,0.000,1.304
202609092106,0.494,,,,,,,,
202609092112,0.483,,,,,,,,
202609092118,0.473,,,,,,,,
202609092124,0.463,,,,,,,,
202609092130,0.453,,,,,,,,
202609092136,0.444,,,,,,,,
202609092142,0.436,,,,,,,,
202609092148,0.427,,,,,,,,
202609092154,0.420,,,,,,,,
202609092200,0.412,,0.000,0.799,1.211,0.000,1.211,0.000,1.211
202609092206,0.405,,,,,,,,
202609092212,0.398,,,,,,,,
202609092218,0.391,,,,,,,,
202609092224,0.385,,,,,,,,
202609092230,0.379,,,,,,,,
202609092236,0.374,,,,,,,,
202609092242,0.369,,,,,,,,
202609092248,0.364,,,,,,,,
202609092254,0.360,,,,,,,,
202609092300,0.355,,0.000,0.799,1.154,0.000,1.154,0.000,1.154
202609092306,0.352,,,,,,,,
202609092312,0.348,,,,,,,,
202609092318,0.346,,,,,,,,
202609092324,0.343,,,,,,,,
202609092330,0.341,,,,,,,,
202609092336,0.339,,,,,,,,
202609092342,0.338,,,,,,,,
202609092348,0.337,,,,,,,,
202609092354,0.337,,,,,,,,
202609100000,0.337,,0.000,0.799,1.136,0.000,1.136,0.000,1.136
202609100006,0.338,,,,,,,,
202609100012,0.339,,,,,,,,
202609100018,0.340,,,,,,,,
202609100024,0.342,,,,,,,,
202609100030,0.345,,,,,,,,
202609100036,0.348,,,,,,,,
202609100042,0.351,,,,,,,,
202609100048,0.355,,,,,,,,
202609100054,0.359,,,,,,,,
202609100100,0.363,,0.000,0.799,1.162,0.000,1.162,0.000,1.162
202609100106,0.368,,,,,,,,
202609100112,0.374,,,,,,,,
202609100118,0.379,,,,,,,,
202609100124,0.385,,,,,,,,
202609100130,0.392,,,,,,,,
202609100136,0.398,,,,,,,,
202609100142,0.405,,,,,,,,
202609100148,0.412,,,,,,,,
202609100154,0.419,,,,,,,,
202609100200,0.427,,0.000,0.799,1.226,0.000,1.226,0.000,1.226
202609100206,0.434,,,,,,,,
202609100212,0.442,,,,,,,,
202609100218,0.449,,,,,,,,
202609100224,0.457,,,,,,,,
202609100230,0.465,,,,,,,,
202609100236,0.472,,,,,,,,
202609100242,0.480,,,,,,,,
202609100248,0.488,,,,,,,,
202609100254,0.496,,,,,,,,
202609100300,0.503,,0.000,0.799,1.302,-0.100,1.202,0.000,1.302
202609100306,0.511,,,,,,,,
202609100312,0.518,,,,,,,,
202609100318,0.526,,,,,,,,
202609100324,0.533,,,,,,,,
202609100330,0.540,,,,,,,,
202609100336,0.547,,,,,,,,
202609100342,0.554,,,,,,,,
202609100348,0.561,,,,,,,,
202609100354,0.568,,,,,,,,
202609100400,0.575,,0.000,0.799,1.374,-0.100,1.274,0.000,1.374
202609100406,0.582,,,,,,,,
202609100412,0.588,,,,,,,,
202609100418,0.595,,,,,,,,
202609100424,0.601,,,,,,,,
202609100430,0.607,,,,,,,,
202609100436,0.613,,,,,,,,
202609100442,0.620,,,,,,,,
202609100448,0.626,,,,,,,,
202609100454,0.632,,,,,,,,
202609100500,0.637,,0.000,0.799,1.436,-0.100,1.336,0.000,1.436
202609100506,0.643,,,,,,,,
202609100512,0.649,,,,,,,,
202609100518,0.655,,,,,,,,
202609100524,0.660,,,,,,,,
202609100530,0.666,,,,,,,,
202609100536,0.672,,,,,,,,
202609100542,0.677,,,,,,,,
202609100548,0.683,,,,,,,,
202609100554,0.689,,,,,,,,
202609100600,0.694,,0.000,0.799,1.493,0.000,1.493,0.000,1.493
202609100606,0.700,,,,,,,,
202609100612,0.705,,,,,,,,
202609100618,0.711,,,,,,,,
202609100624,0.717,,,,,,,,
202609100630,0.722,,,,,,,,
202609100636,0.728,,,,,,,,
202609100642,0.734,,,,,,,,
202609100648,0.740,,,,,,,,
202609100654,0.746,,,,,,,,
202609100700,0.752,,0.000,0.799,1.551,0.000,1.551,0.000,1.551
202609100706,0.759,,,,,,,,
202609100712,0.765,,,,,,,,
202609100718,0.772,,,,,,,,
202609100724,0.779,,,,,,,,
202609100730,0.786,,,,,,,,
202609100736,0.793,,,,,,,,
202609100742,0.801,,,,,,,,
202609100748,0.809,,,,,,,,
202609100754,0.817,,,,,,,,
202609100800,0.825,,0.000,0.799,1.624,0.000,1.624,0.000,1.624
202609100806,0.834,,,,,,,,
202609100812,0.843,,,,,,,,
202609100818,0.852,,,,,,,,
202609100824,0.861,,,,,,,,
202609100830,0.871,,,,,,,,
202609100836,0.881,,,,,,,,
202609100842,0.891,,,,,,,,
202609100848,0.901,,,,,,,,
202609100854,0.912,,,,,,,,
202609100900,0.923,,0.000,0.799,1.722,0.000,1.722,0.000,1.722
202609100906,0.934,,,,,,,,
202609100912,0.945,,,,,,,,
202609100918,0.956,,,,,,,,
202609100924,0.967,,,,,,,,
202609100930,0.979,,,,,,,,
202609100936,0.991,,,,,,,,
202609100942,1.002,,,,,,,,
202609100948,1.014,,,,,,,,
202609100954,1.026,,,,,,,,
202609101000,1.037,,0.000,0.799,1.836,0.000,1.836,0.000,1.836
202609101006,1.049,,,,,,,,
202609101012,1.060,,,,,,,,
202609101018,1.072,,,,,,,,
202609101024,1.083,,,,,,,,
202609101030,1.094,,,,,,,,
202609101036,1.105,,,,,,,,
202609101042,1.116,,,,,,,,
202609101048,1.127,,,,,,,,
202609101054,1.137,,,,,,,,
202609101100,1.147,,0.000,0.799,1.946,0.000,1.946,0.000,1.946
202609101106,1.157,,,,,,,,
202609101112,1.167,,,,,,,,
202609101118,1.177,,,,,,,,
202609101124,1.186,,,,,,,,
202609101130,1.195,,,,,,,,
202609101136,1.204,,,,,,,,
202609101142,1.213,,,,,,,,
202609101148,1.222,,,,,,,,
202609101154,1.230,,,,,,,,
202609101200,1.238,,0.000,0.799,2.037,0.000,2.037,0.000,2.037
202609101206,1.246,,,,,,,,
202609101212,1.254,,,,,,,,
202609101218,1.262,,,,,,,,
202609101224,1.269,,,,,,,,
202609101230,1.276,,,,,,,,
202609101236,1.283,,,,,,,,
202609101242,1.290,,,,,,,,
202609101248,1.297,,,,,,,,
202609101254,1.303,,,,,,,,
202609101300,1.310,,0.000,0.799,2.109,0.000,2.109,0.000,2.109
202609101306,1.316,,,,,,,,
202609101312,1.322,,,,,,,,
202609101318,1.328,,,,,,,,
202609101324,1.333,,,,,,,,
202609101330,1.339,,,,,,,,
202609101336,1.344,,,,,,,,
202609101342,1.348,,,,,,,,
202609101348,1.353,,,,,,,,
202609101354,1.357,,,,,,,,
202609101400,1.361,,0.000,0.799,2.160,0.000,2.160,0.000,2.160
202609101406,1.365,,,,,,,,
202609101412,1.368,,,,,,,,
202609101418,1.370,,,,,,,,
202609101424,1.373,,,,,,,,
202609101430,1.375,,,,,,,,
202609101436,1.376,,,,,,,,
202609101442,1.377,,,,,,,,
202609101448,1.378,,,,,,,,
202609101454,1.378,,,,,,,,
202609101500,1.377,,0.000,0.799,2.176,0.000,2.176,0.000,2.176
202609101506,1.376,,,,,,,,
202609101512,1.375,,,,,,,,
202609101518,1.372,,,,,,,,
202609101524,1.370,,,,,,,,
202609101530,1.367,,,,,,,,
202609101536,1.363,,,,,,,,
202609101542,1.359,,,,,,,,
202609101548,1.354,,,,,,,,
202609101554,1.349,,,,,,,,
202609101600,1.343,,0.000,0.799,2.142,-0.100,2.042,0.000,2.142
202609101606,1.336,,,,,,,,
202609101612,1.329,,,,,,,,
202609101618,1.322,,,,,,,,
202609101624,1.314,,,,,,,,
202609101630,1.306,,,,,,,,
202609101636,1.297,,,,,,,,
202609101642,1.287,,,,,,,,
202609101648,1.278,,,,,,,,
202609101654,1.267,,,,,,,,
202609101700,1.257,,0.000,0.799,2.056,-0.100,1.956,0.000,2.056
202609101706,1.246,,,,,,,,
202609101712,1.234,,,,,,,,
202609101718,1.223,,,,,,,,
202609101724,1.211,,,,,,,,
202609101730,1.198,,,,,,,,
202609101736,1.186,,,,,,,,
202609101742,1.172,,,,,,,,
202609101748,1.159,,,,,,,,
202609101754,1.146,,,,,,,,
202609101800,1.132,,0.000,0.799,1.931,0.000,1.931,0.000,1.931
202609101806,1.118,,,,,,,,
202609101812,1.104,,,,,,,,
202609101818,1.089,,,,,,,,
202609101824,1.075,,,,,,,,
202609101830,1.060,,,,,,,,
202609101836,1.046,,,,,,,,
202609101842,1.031,,,,,,,,
202609101848,1.016,,,,,,,,
202609101854,1.001,,,,,,,,
202609101900,0.986,,0.000,0.799,1.785,0.000,1.785,0.000,1.785
202609101906,0.971,,,,,,,,
202609101912,0.956,,,,,,,,
202609101918,0.942,,,,,,,,
202609101924,0.927,,,,,,,,
202609101930,0.913,,,,,,,,
202609101936,0.898,,,,,,,,
202609101942,0.884,,,,,,,,
202609101948,0.871,,,,,,,,
202609101954,0.857,,,,,,,,
202609102000,0.844,,0.000,0.799,1.643,0.000,1.643,0.000,1.643
202609102006,0.831,,,,,,,,
202609102012,0.818,,,,,,,,
202609102018,0.806,,,,,,,,
202609102024,0.794,,,,,,,,
202609102030,0.782,,,,,,,,
202609102036,0.771,,,,,,,,
202609102042,0.761,,,,,,,,
202609102048,0.750,,,,,,,,
202609102054,0.741,,,,,,,,
202609102100,0.731,,0.000,0.799,1.530,0.000,1.530,0.000,1.530
202609102106,0.722,,,,,,,,
202609102112,0.714,,,,,,,,
202609102118,0.706,,,,,,,,
202609102124,0.698,,,,,,,,
202609102130,0.691,,,,,,,,
202609102136,0.684,,,,,,,,
202609102142,0.678,,,,,,,,
202609102148,0.672,,,,,,,,
202609102154,0.666,,,,,,,,
202609102200,0.661,,0.000,0.799,1.460,0.000,1.460,0.000,1.460
202609102206,0.656,,,,,,,,
202609102212,0.652,,,,,,,,
202609102218,0.647,,,,,,,,
202609102224,0.643,,,,,,,,
202609102230,0.639,,,,,,,,
202609102236,0.636,,,,,,,,
202609102242,0.632,,,,,,,,
202609102248,0.629,,,,,,,,
202609102254,0.626,,,,,,,,
202609102300,0.624,,0.000,0.799,1.423,0.000,1.423,0.000,1.423
202609102306,0.621,,,,,,,,
202609102312,0.619,,,,,,,,
202609102318,0.616,,,,,,,,
202609102324,0.614,,,,,,,,
202609102330,0.612,,,,,,,,
202609102336,0.610,,,,,,,,
202609102342,0.609,,,,,,,,
202609102348,0.607,,,,,,,,
202609102354,0.606,,,,,,,,
202609110000,0.605,,0.000,0.799,1.404,0.000,1.404,0.000,1.404
