TIME,TIDE,OB,SURGE,BIAS,TWL,SURGE90p,TWL90p,SURGE10p,TWL10p
202604130000,0.914,1.318,0.500,-0.096,1.318,0.500,1.318,0.500,1.318
202604130006,0.913,,,,,,,,
202604130012,0.912,1.318,,,,,,,
202604130018,0.911,,,,,,,,
202604130024,0.909,1.328,,,,,,,
202604130030,0.907,,,,,,,,
202604130036,0.905,1.328,,,,,,,
202604130042,0.903,,,,,,,,
202604130048,0.901,1.308,,,,,,,
202604130054,0.898,,,,,,,,
202604130100,0.895,,0.500,,1.395,0.500,1.395,0.500,1.395
202604130106,0.892,,,,,,,,
202604130112,0.888,1.269,,,,,,,
202604130118,0.884,1.269,,,,,,,
202604130124,0.880,1.259,,,,,,,
202604130130,0.876,1.239,,,,,,,
202604130136,0.871,1.239,,,,,,,
202604130142,0.866,1.229,,,,,,,
202604130148,0.861,1.210,,,,,,,
202604130154,0.856,1.210,,,,,,,
202604130200,0.850,1.210,0.500,-0.140,1.210,0.500,1.210,0.600,1.310
202604130206,0.844,1.210,,,,,,,
202604130212,0.838,1.190,,,,,,,
202604130218,0.832,1.210,,,,,,,
202604130224,0.825,1.190,,,,,,,
202604130230,0.818,1.200,,,,,,,
202604130236,0.811,1.190,,,,,,,
202604130242,0.804,1.210,,,,,,,
202604130248,0.796,1.210,,,,,,,
202604130254,0.788,1.200,,,,,,,
202604130300,0.780,1.210,0.600,-0.170,1.210,0.500,1.110,0.600,1.210
202604130306,0.772,1.190,,,,,,,
202604130312,0.764,1.180,,,,,,,
202604130318,0.755,1.170,,,,,,,
202604130324,0.746,1.170,,,,,,,
202604130330,0.737,1.161,,,,,,,
202604130336,0.728,1.161,,,,,,,
202604130342,0.718,1.161,,,,,,,
202604130348,0.709,1.128,,,,,,,
202604130354,0.699,1.128,,,,,,,
202604130400,0.689,1.118,0.600,-0.171,1.118,0.500,1.018,0.600,1.118
202604130406,0.679,1.108,,,,,,,
202604130412,0.669,1.079,,,,,,,
202604130418,0.659,1.079,,,,,,,
202604130424,0.649,1.049,,,,,,,
202604130430,0.638,1.029,,,,,,,
202604130436,0.628,1.010,,,,,,,
202604130442,0.617,1.000,,,,,,,
202604130448,0.607,0.980,,,,,,,
202604130454,0.596,0.990,,,,,,,
202604130500,0.585,0.980,0.600,-0.205,0.980,0.500,0.880,0.600,0.980
202604130506,0.575,0.961,,,,,,,
202604130512,0.564,0.941,,,,,,,
202604130518,0.553,0.928,,,,,,,
202604130524,0.542,0.928,,,,,,,
202604130530,0.532,0.918,,,,,,,
202604130536,0.521,0.898,,,,,,,
202604130542,0.510,0.898,,,,,,,
202604130548,0.500,0.879,,,,,,,
202604130554,0.489,0.879,,,,,,,
202604130600,0.479,0.869,0.600,-0.210,0.869,0.500,0.769,0.600,0.869
202604130606,0.469,0.859,,,,,,,
202604130612,0.459,0.849,,,,,,,
202604130618,0.448,0.829,,,,,,,
202604130624,0.439,0.800,,,,,,,
202604130630,0.429,0.780,,,,,,,
202604130636,0.419,0.770,,,,,,,
202604130642,0.410,0.780,,,,,,,
202604130648,0.400,0.780,,,,,,,
202604130654,0.391,0.770,,,,,,,
202604130700,0.382,0.760,0.600,-0.222,0.760,0.500,0.660,0.600,0.760
202604130706,0.373,0.770,,,,,,,
202604130712,0.365,0.760,,,,,,,
202604130718,0.357,0.760,,,,,,,
202604130724,0.349,0.770,,,,,,,
202604130730,0.341,0.770,,,,,,,
202604130736,0.333,0.760,,,,,,,
202604130742,0.326,0.770,,,,,,,
202604130748,0.319,0.760,,,,,,,
202604130754,0.312,0.751,,,,,,,
202604130800,0.306,0.731,0.500,-0.075,0.731,0.500,0.731,0.600,0.831
202604130806,0.299,0.698,,,,,,,
202604130812,0.293,0.678,,,,,,,
202604130818,0.288,0.678,,,,,,,
202604130824,0.282,0.678,,,,,,,
202604130830,0.277,0.659,,,,,,,
202604130836,0.273,0.649,,,,,,,
202604130842,0.268,0.629,,,,,,,
202604130848,0.264,0.619,,,,,,,
202604130854,0.260,0.600,,,,,,,
202604130900,0.257,0.610,0.500,-0.147,0.610,0.500,0.610,0.600,0.710
202604130906,0.253,0.619,,,,,,,
202604130912,0.251,0.610,,,,,,,
202604130918,0.248,0.619,,,,,,,
202604130924,0.246,0.619,,,,,,,
202604130930,0.244,0.590,,,,,,,
202604130936,0.242,0.590,,,,,,,
202604130942,0.241,0.610,,,,,,,
202604130948,0.240,0.629,,,,,,,
202604130954,0.239,0.610,,,,,,,
202604131000,0.239,0.580,0.600,-0.259,0.580,0.500,0.480,0.600,0.580
202604131006,0.239,0.560,,,,,,,
202604131012,0.239,0.551,,,,,,,
202604131018,0.240,0.541,,,,,,,
202604131024,0.240,0.551,,,,,,,
202604131030,0.241,0.531,,,,,,,
202604131036,0.243,0.531,,,,,,,
202604131042,0.244,0.560,,,,,,,
202604131048,0.246,0.580,,,,,,,
202604131054,0.249,0.600,,,,,,,
202604131100,0.251,0.619,0.600,-0.232,0.619,0.500,0.519,0.600,0.619
202604131106,0.254,0.610,,,,,,,
202604131112,0.256,0.590,,,,,,,
202604131118,0.260,0.600,,,,,,,
202604131124,0.263,0.610,,,,,,,
202604131130,0.266,0.629,,,,,,,
202604131136,0.270,0.629,,,,,,,
202604131142,0.274,0.659,,,,,,,
202604131148,0.278,0.639,,,,,,,
202604131154,0.283,0.639,,,,,,,
202604131200,0.287,0.649,0.500,-0.138,0.649,0.500,0.649,0.500,0.649
202604131206,0.292,0.659,,,,,,,
202604131212,0.296,0.678,,,,,,,
202604131218,0.301,0.678,,,,,,,
202604131224,0.306,0.669,,,,,,,
202604131230,0.311,0.669,,,,,,,
202604131236,0.317,0.688,,,,,,,
202604131242,0.322,0.698,,,,,,,
202604131248,0.327,0.731,,,,,,,
202604131254,0.333,0.751,,,,,,,
202604131300,0.339,0.780,0.500,-0.059,0.780,0.500,0.780,0.500,0.780
202604131306,0.344,0.810,,,,,,,
202604131312,0.350,0.829,,,,,,,
202604131318,0.356,0.849,,,,,,,
202604131324,0.361,0.859,,,,,,,
202604131330,0.367,0.869,,,,,,,
202604131336,0.373,0.869,,,,,,,
202604131342,0.379,0.888,,,,,,,
202604131348,0.385,0.908,,,,,,,
202604131354,0.391,0.908,,,,,,,
202604131400,0.396,0.908,0.500,0.012,0.908,0.500,0.908,0.500,0.908
202604131406,0.402,0.888,,,,,,,
202604131412,0.408,0.888,,,,,,,
202604131418,0.414,0.869,,,,,,,
202604131424,0.419,0.879,,,,,,,
202604131430,0.425,0.879,,,,,,,
202604131436,0.431,0.869,,,,,,,
202604131442,0.436,0.859,,,,,,,
202604131448,0.441,0.849,,,,,,,
202604131454,0.447,0.859,,,,,,,
202604131500,0.452,0.859,0.500,-0.093,0.859,0.500,0.859,0.500,0.859
202604131506,0.457,0.859,,,,,,,
202604131512,0.463,0.849,,,,,,,
202604131518,0.468,0.859,,,,,,,
202604131524,0.473,0.849,,,,,,,
202604131530,0.478,0.869,,,,,,,
202604131536,0.482,0.869,,,,,,,
202604131542,0.487,0.859,,,,,,,
202604131548,0.492,0.859,,,,,,,
202604131554,0.496,0.879,,,,,,,
202604131600,0.501,0.879,0.500,-0.122,0.879,0.400,0.779,0.500,0.879
202604131606,0.505,0.879,,,,,,,
202604131612,0.509,0.879,,,,,,,
202604131618,0.513,0.879,,,,,,,
202604131624,0.517,0.879,,,,,,,
202604131630,0.521,0.908,,,,,,,
202604131636,0.525,0.908,,,,,,,
202604131642,0.529,0.941,,,,,,,
202604131648,0.532,0.908,,,,,,,
202604131654,0.536,0.928,,,,,,,
202604131700,0.540,0.918,0.500,-0.122,0.918,0.400,0.818,0.500,0.918
202604131706,0.543,0.941,,,,,,,
202604131712,0.546,0.951,,,,,,,
202604131718,0.550,0.951,,,,,,,
202604131724,0.553,0.941,,,,,,,
202604131730,0.556,0.961,,,,,,,
202604131736,0.559,0.951,,,,,,,
202604131742,0.562,0.951,,,,,,,
202604131748,0.565,0.941,,,,,,,
202604131754,0.568,0.928,,,,,,,
202604131800,0.571,0.918,0.400,-0.053,0.918,0.400,0.918,0.400,0.918
202604131806,0.574,0.928,,,,,,,
202604131812,0.576,0.928,,,,,,,
202604131818,0.579,0.928,,,,,,,
202604131824,0.582,0.918,,,,,,,
202604131830,0.584,0.941,,,,,,,
202604131836,0.587,0.908,,,,,,,
202604131842,0.590,0.918,,,,,,,
202604131848,0.592,0.918,,,,,,,
202604131854,0.595,0.928,,,,,,,
202604131900,0.598,0.908,0.400,-0.090,0.908,0.400,0.908,0.400,0.908
202604131906,0.600,0.918,,,,,,,
202604131912,0.603,0.941,,,,,,,
202604131918,0.606,0.941,,,,,,,
202604131924,0.608,0.928,,,,,,,
202604131930,0.611,0.951,,,,,,,
202604131936,0.614,0.970,,,,,,,
202604131942,0.616,0.961,,,,,,,
202604131948,0.619,0.961,,,,,,,
202604131954,0.622,0.970,,,,,,,
202604132000,0.625,0.970,0.400,-0.055,0.970,0.400,0.970,0.400,0.970
202604132006,0.628,0.990,,,,,,,
202604132012,0.631,0.980,,,,,,,
202604132018,0.634,1.000,,,,,,,
202604132024,0.637,0.990,,,,,,,
202604132030,0.640,0.990,,,,,,,
202604132036,0.643,0.980,,,,,,,
202604132042,0.646,0.970,,,,,,,
202604132048,0.649,0.980,,,,,,,
202604132054,0.652,0.970,,,,,,,
202604132100,0.655,0.980,0.500,-0.175,0.980,0.400,0.880,0.500,0.980
202604132106,0.659,0.980,,,,,,,
202604132112,0.662,0.990,,,,,,,
202604132118,0.665,1.000,,,,,,,
202604132124,0.669,0.990,,,,,,,
202604132130,0.672,0.990,,,,,,,
202604132136,0.676,1.010,,,,,,,
202604132142,0.679,1.010,,,,,,,
202604132148,0.683,1.020,,,,,,,
202604132154,0.686,1.010,,,,,,,
202604132200,0.690,1.000,0.500,-0.190,1.000,0.500,1.000,0.600,1.100
202604132206,0.693,1.000,,,,,,,
202604132212,0.697,1.000,,,,,,,
202604132218,0.701,1.000,,,,,,,
202604132224,0.704,1.010,,,,,,,
202604132230,0.708,1.010,,,,,,,
202604132236,0.711,1.020,,,,,,,
202604132242,0.715,1.010,,,,,,,
202604132248,0.719,1.020,,,,,,,
202604132254,0.722,1.010,,,,,,,
202604132300,0.726,1.010,0.600,-0.316,1.010,0.500,0.910,0.600,1.010
202604132306,0.729,1.020,,,,,,,
202604132312,0.733,1.039,,,,,,,
202604132318,0.736,1.029,,,,,,,
202604132324,0.739,1.039,,,,,,,
202604132330,0.743,1.059,,,,,,,
202604132336,0.746,1.069,,,,,,,
202604132342,0.749,1.079,,,,,,,
202604132348,0.752,1.079,,,,,,,
202604132354,0.755,1.079,,,,,,,
202604140000,0.758,1.088,0.500,-0.170,1.088,0.500,1.088,0.500,1.088
202604140006,0.761,1.069,,,,,,,
202604140012,0.763,1.088,,,,,,,
202604140018,0.766,1.098,,,,,,,
202604140024,0.768,1.079,,,,,,,
202604140030,0.770,1.079,,,,,,,
202604140036,0.773,1.079,,,,,,,
202604140042,0.774,1.079,,,,,,,
202604140048,0.776,1.098,,,,,,,
202604140054,0.778,1.118,,,,,,,
202604140100,0.779,1.118,0.500,-0.161,1.118,0.500,1.118,0.500,1.118
202604140106,0.781,1.128,,,,,,,
202604140112,0.782,1.128,,,,,,,
202604140118,0.783,1.151,,,,,,,
202604140124,0.784,1.151,,,,,,,
202604140130,0.784,1.161,,,,,,,
202604140136,0.784,1.128,,,,,,,
202604140142,0.785,1.128,,,,,,,
202604140148,0.785,1.138,,,,,,,
202604140154,0.784,1.138,,,,,,,
202604140200,0.784,1.118,0.500,-0.166,1.118,0.500,1.118,0.600,1.218
202604140206,0.783,1.128,,,,,,,
202604140212,0.782,1.128,,,,,,,
202604140218,0.781,1.108,,,,,,,
202604140224,0.780,1.108,,,,,,,
202604140230,0.778,1.108,,,,,,,
202604140236,0.776,1.108,,,,,,,
202604140242,0.774,1.098,,,,,,,
202604140248,0.772,1.108,,,,,,,
202604140254,0.770,1.098,,,,,,,
202604140300,0.767,1.108,0.500,-0.159,1.108,0.500,1.108,0.600,1.208
202604140306,0.764,1.108,,,,,,,
202604140312,0.761,1.118,,,,,,,
202604140318,0.757,1.128,,,,,,,
202604140324,0.754,1.108,,,,,,,
202604140330,0.750,1.098,,,,,,,
202604140336,0.746,1.088,,,,,,,
202604140342,0.742,1.118,,,,,,,
202604140348,0.737,1.098,,,,,,,
202604140354,0.733,1.088,,,,,,,
202604140400,0.728,1.079,0.500,-0.149,1.079,0.500,1.079,0.500,1.079
202604140406,0.723,1.069,,,,,,,
202604140412,0.718,1.059,,,,,,,
202604140418,0.713,1.059,,,,,,,
202604140424,0.707,1.039,,,,,,,
202604140430,0.701,1.039,,,,,,,
202604140436,0.696,1.020,,,,,,,
202604140442,0.690,1.010,,,,,,,
202604140448,0.684,1.000,,,,,,,
202604140454,0.677,1.010,,,,,,,
202604140500,0.671,1.010,0.500,-0.161,1.010,0.500,1.010,0.500,1.010
202604140506,0.665,0.990,,,,,,,
202604140512,0.658,0.990,,,,,,,
202604140518,0.652,0.980,,,,,,,
202604140524,0.645,0.970,,,,,,,
202604140530,0.638,0.961,,,,,,,
202604140536,0.631,0.951,,,,,,,
202604140542,0.624,0.941,,,,,,,
202604140548,0.617,0.928,,,,,,,
202604140554,0.611,0.898,,,,,,,
202604140600,0.604,0.898,0.500,-0.206,0.898,0.500,0.898,0.500,0.898
202604140606,0.597,0.888,,,,,,,
202604140612,0.590,0.879,,,,,,,
202604140618,0.583,0.879,,,,,,,
202604140624,0.576,0.859,,,,,,,
202604140630,0.569,0.879,,,,,,,
202604140636,0.562,0.869,,,,,,,
202604140642,0.555,0.849,,,,,,,
202604140648,0.549,0.859,,,,,,,
202604140654,0.542,0.849,,,,,,,
202604140700,0.536,0.829,0.500,-0.207,0.829,0.500,0.829,0.500,0.829
202604140706,0.529,0.839,,,,,,,
202604140712,0.523,0.839,,,,,,,
202604140718,0.517,0.839,,,,,,,
202604140724,0.511,0.829,,,,,,,
202604140730,0.505,0.819,,,,,,,
202604140736,0.499,0.800,,,,,,,
202604140742,0.494,0.790,,,,,,,
202604140748,0.488,0.790,,,,,,,
202604140754,0.483,0.780,,,,,,,
202604140800,0.478,0.780,0.500,-0.198,0.780,0.500,0.780,0.500,0.780
202604140806,0.473,0.770,,,,,,,
202604140812,0.468,0.751,,,,,,,
202604140818,0.464,0.751,,,,,,,
202604140824,0.460,0.751,,,,,,,
202604140830,0.455,0.751,,,,,,,
202604140836,0.452,0.751,,,,,,,
202604140842,0.448,0.751,,,,,,,
202604140848,0.445,0.770,,,,,,,
202604140854,0.441,0.760,,,,,,,
202604140900,0.438,0.760,0.500,-0.178,0.760,0.500,0.760,0.500,0.760
202604140906,0.436,0.780,,,,,,,
202604140912,0.433,0.780,,,,,,,
202604140918,0.431,0.760,,,,,,,
202604140924,0.429,0.770,,,,,,,
202604140930,0.427,0.770,,,,,,,
202604140936,0.426,0.760,,,,,,,
202604140942,0.425,0.760,,,,,,,
202604140948,0.423,0.760,,,,,,,
202604140954,0.423,0.780,,,,,,,
202604141000,0.422,0.770,0.600,-0.252,0.770,0.500,0.670,0.600,0.770
202604141006,0.422,0.780,,,,,,,
202604141012,0.422,0.780,,,,,,,
202604141018,0.422,0.790,,,,,,,
202604141024,0.422,0.800,,,,,,,
202604141030,0.423,0.790,,,,,,,
202604141036,0.423,0.790,,,,,,,
202604141042,0.424,0.790,,,,,,,
202604141048,0.426,0.810,,,,,,,
202604141054,0.427,0.810,,,,,,,
202604141100,0.428,0.819,0.600,-0.209,0.819,0.500,0.719,0.600,0.819
202604141106,0.430,0.819,,,,,,,
202604141112,0.432,0.810,,,,,,,
202604141118,0.434,0.819,,,,,,,
202604141124,0.436,0.829,,,,,,,
202604141130,0.439,0.829,,,,,,,
202604141136,0.441,0.849,,,,,,,
202604141142,0.444,0.829,,,,,,,
202604141148,0.447,0.839,,,,,,,
202604141154,0.450,0.839,,,,,,,
202604141200,0.452,0.869,0.500,-0.083,0.869,0.500,0.869,0.500,0.869
202604141206,0.456,0.869,,,,,,,
202604141212,0.459,0.869,,,,,,,
202604141218,0.462,0.888,,,,,,,
202604141224,0.465,0.879,,,,,,,
202604141230,0.469,0.898,,,,,,,
202604141236,0.472,0.888,,,,,,,
202604141242,0.475,0.898,,,,,,,
202604141248,0.479,0.908,,,,,,,
202604141254,0.482,0.928,,,,,,,
202604141300,0.486,0.918,0.500,-0.068,0.918,0.500,0.918,0.500,0.918
202604141306,0.489,0.918,,,,,,,
202604141312,0.493,0.918,,,,,,,
202604141318,0.496,0.941,,,,,,,
202604141324,0.499,0.941,,,,,,,
202604141330,0.503,0.918,,,,,,,
202604141336,0.506,0.918,,,,,,,
202604141342,0.509,0.908,,,,,,,
202604141348,0.512,0.918,,,,,,,
202604141354,0.515,0.918,,,,,,,
202604141400,0.518,0.928,0.500,-0.090,0.928,0.500,0.928,0.500,0.928
202604141406,0.521,0.928,,,,,,,
202604141412,0.524,0.941,,,,,,,
202604141418,0.526,0.951,,,,,,,
202604141424,0.529,0.961,,,,,,,
202604141430,0.531,0.970,,,,,,,
202604141436,0.534,0.961,,,,,,,
202604141442,0.536,0.961,,,,,,,
202604141448,0.538,0.990,,,,,,,
202604141454,0.540,1.010,,,,,,,
202604141500,0.541,1.010,0.500,-0.031,1.010,0.500,1.010,0.500,1.010
202604141506,0.543,1.010,,,,,,,
202604141512,0.544,1.039,,,,,,,
202604141518,0.545,1.029,,,,,,,
202604141524,0.546,1.039,,,,,,,
202604141530,0.547,1.020,,,,,,,
202604141536,0.548,1.039,,,,,,,
202604141542,0.549,1.059,,,,,,,
202604141548,0.549,1.049,,,,,,,
202604141554,0.549,1.039,,,,,,,
202604141600,0.549,1.039,0.400,0.090,1.039,0.400,1.039,0.500,1.139
202604141606,0.549,1.039,,,,,,,
202604141612,0.549,1.059,,,,,,,
202604141618,0.548,1.069,,,,,,,
202604141624,0.548,1.059,,,,,,,
202604141630,0.547,1.039,,,,,,,
202604141636,0.546,1.039,,,,,,,
202604141642,0.545,1.049,,,,,,,
202604141648,0.544,1.049,,,,,,,
202604141654,0.543,1.049,,,,,,,
202604141700,0.541,1.029,0.400,0.088,1.029,0.400,1.029,0.400,1.029
202604141706,0.540,1.039,,,,,,,
202604141712,0.538,1.049,,,,,,,
202604141718,0.536,1.039,,,,,,,
202604141724,0.534,1.029,,,,,,,
202604141730,0.532,1.029,,,,,,,
202604141736,0.530,1.039,,,,,,,
202604141742,0.528,1.039,,,,,,,
202604141748,0.525,1.049,,,,,,,
202604141754,0.523,1.049,,,,,,,
202604141800,0.521,1.059,0.500,0.038,1.059,0.500,1.059,0.500,1.059
202604141806,0.518,1.059,,,,,,,
202604141812,0.515,1.069,,,,,,,
202604141818,0.513,1.069,,,,,,,
202604141824,0.510,1.069,,,,,,,
202604141830,0.508,1.059,,,,,,,
202604141836,0.505,1.069,,,,,,,
202604141842,0.502,1.069,,,,,,,
202604141848,0.500,1.079,,,,,,,
202604141854,0.497,1.069,,,,,,,
202604141900,0.495,1.088,0.500,0.093,1.088,0.500,1.088,0.500,1.088
202604141906,0.492,1.079,,,,,,,
202604141912,0.490,1.059,,,,,,,
202604141918,0.487,1.069,,,,,,,
202604141924,0.485,1.069,,,,,,,
202604141930,0.482,1.079,,,,,,,
202604141936,0.480,1.079,,,,,,,
202604141942,0.478,1.069,,,,,,,
202604141948,0.476,1.069,,,,,,,
202604141954,0.474,1.079,,,,,,,
202604142000,0.472,1.098,0.500,0.126,1.098,0.500,1.098,0.500,1.098
202604142006,0.470,1.079,,,,,,,
202604142012,0.469,1.069,,,,,,,
202604142018,0.467,1.079,,,,,,,
202604142024,0.466,1.088,,,,,,,
202604142030,0.465,1.069,,,,,,,
202604142036,0.464,1.069,,,,,,,
202604142042,0.463,1.069,,,,,,,
202604142048,0.462,1.098,,,,,,,
202604142054,0.462,1.088,,,,,,,
202604142100,0.462,1.088,0.500,0.126,1.088,0.500,1.088,0.500,1.088
202604142106,0.461,1.079,,,,,,,
202604142112,0.461,1.108,,,,,,,
202604142118,0.462,1.098,,,,,,,
202604142124,0.462,1.108,,,,,,,
202604142130,0.462,1.128,,,,,,,
202604142136,0.463,1.118,,,,,,,
202604142142,0.464,1.118,,,,,,,
202604142148,0.465,1.128,,,,,,,
202604142154,0.467,1.138,,,,,,,
202604142200,0.468,1.151,0.600,0.083,1.151,0.600,1.151,0.600,1.151
202604142206,0.470,1.138,,,,,,,
202604142212,0.472,1.138,,,,,,,
202604142218,0.474,1.128,,,,,,,
202604142224,0.476,1.128,,,,,,,
202604142230,0.478,1.138,,,,,,,
202604142236,0.481,1.138,,,,,,,
202604142242,0.484,1.151,,,,,,,
202604142248,0.487,1.138,,,,,,,
202604142254,0.490,1.138,,,,,,,
202604142300,0.493,1.138,0.600,0.045,1.138,0.600,1.138,0.600,1.138
202604142306,0.496,1.151,,,,,,,
202604142312,0.500,1.151,,,,,,,
202604142318,0.503,1.151,,,,,,,
202604142324,0.507,1.151,,,,,,,
202604142330,0.511,1.138,,,,,,,
202604142336,0.515,1.151,,,,,,,
202604142342,0.519,1.161,,,,,,,
202604142348,0.524,1.180,,,,,,,
202604142354,0.528,1.180,,,,,,,
202604150000,0.532,1.190,0.600,0.058,1.190,0.600,1.190,0.600,1.190
202604150006,0.537,1.190,,,,,,,
202604150012,0.541,1.210,,,,,,,
202604150018,0.546,1.220,,,,,,,
202604150024,0.551,1.229,,,,,,,
202604150030,0.556,1.229,,,,,,,
202604150036,0.560,1.249,,,,,,,
202604150042,0.565,1.239,,,,,,,
202604150048,0.570,1.249,,,,,,,
202604150054,0.575,1.249,,,,,,,
202604150100,0.579,1.259,0.600,0.080,1.259,0.600,1.259,0.600,1.259
202604150106,0.584,1.259,,,,,,,
202604150112,0.589,1.249,,,,,,,
202604150118,0.594,1.259,,,,,,,
202604150124,0.598,1.259,,,,,,,
202604150130,0.603,1.269,,,,,,,
202604150136,0.608,1.279,,,,,,,
202604150142,0.612,1.269,,,,,,,
202604150148,0.617,1.269,,,,,,,
202604150154,0.621,1.279,,,,,,,
202604150200,0.625,1.279,0.600,0.054,1.279,0.600,1.279,0.600,1.279
202604150206,0.629,1.289,,,,,,,
202604150212,0.633,1.289,,,,,,,
202604150218,0.637,1.298,,,,,,,
202604150224,0.641,1.298,,,,,,,
202604150230,0.645,1.308,,,,,,,
202604150236,0.648,1.308,,,,,,,
202604150242,0.652,1.308,,,,,,,
202604150248,0.655,1.308,,,,,,,
202604150254,0.658,1.318,,,,,,,
202604150300,0.661,1.328,0.600,0.067,1.328,0.600,1.328,0.600,1.328
202604150306,0.664,1.348,,,,,,,
202604150312,0.666,1.338,,,,,,,
202604150318,0.669,1.338,,,,,,,
202604150324,0.671,1.348,,,,,,,
202604150330,0.673,1.361,,,,,,,
202604150336,0.675,1.361,,,,,,,
202604150342,0.677,1.361,,,,,,,
202604150348,0.678,1.361,,,,,,,
202604150354,0.680,1.361,,,,,,,
202604150400,0.681,1.371,0.600,0.090,1.371,0.600,1.371,0.600,1.371
202604150406,0.682,1.371,,,,,,,
202604150412,0.683,1.361,,,,,,,
202604150418,0.683,1.361,,,,,,,
202604150424,0.684,1.371,,,,,,,
202604150430,0.684,1.361,,,,,,,
202604150436,0.684,1.361,,,,,,,
202604150442,0.684,1.361,,,,,,,
202604150448,0.684,1.338,,,,,,,
202604150454,0.684,1.348,,,,,,,
202604150500,0.683,1.338,0.600,0.055,1.338,0.600,1.338,0.700,1.438
202604150506,0.683,1.338,,,,,,,
202604150512,0.682,1.328,,,,,,,
202604150518,0.681,1.338,,,,,,,
202604150524,0.680,1.318,,,,,,,
202604150530,0.679,1.308,,,,,,,
202604150536,0.677,1.318,,,,,,,
202604150542,0.676,1.318,,,,,,,
202604150548,0.675,1.298,,,,,,,
202604150554,0.673,1.298,,,,,,,
202604150600,0.671,1.298,0.600,0.027,1.298,0.600,1.298,0.700,1.398
202604150606,0.669,1.298,,,,,,,
202604150612,0.668,1.279,,,,,,,
202604150618,0.666,1.269,,,,,,,
202604150624,0.664,1.269,,,,,,,
202604150630,0.662,1.279,,,,,,,
202604150636,0.660,1.279,,,,,,,
202604150642,0.657,1.279,,,,,,,
202604150648,0.655,1.259,,,,,,,
202604150654,0.653,1.269,,,,,,,
202604150700,0.651,1.279,0.700,-0.072,1.279,0.600,1.179,0.700,1.279
202604150706,0.649,1.279,,,,,,,
202604150712,0.647,1.269,,,,,,,
202604150718,0.645,1.269,,,,,,,
202604150724,0.643,1.249,,,,,,,
202604150730,0.640,1.249,,,,,,,
202604150736,0.638,1.249,,,,,,,
202604150742,0.637,1.249,,,,,,,
202604150748,0.635,1.229,,,,,,,
202604150754,0.633,1.220,,,,,,,
202604150800,0.631,1.220,0.700,-0.111,1.220,0.600,1.120,0.700,1.220
202604150806,0.629,1.220,,,,,,,
202604150812,0.628,1.229,,,,,,,
202604150818,0.626,1.229,,,,,,,
202604150824,0.625,1.220,,,,,,,
202604150830,0.624,1.220,,,,,,,
202604150836,0.623,1.239,,,,,,,
202604150842,0.622,1.239,,,,,,,
202604150848,0.621,1.239,,,,,,,
202604150854,0.620,1.239,,,,,,,
202604150900,0.619,1.220,0.700,-0.099,1.220,0.700,1.220,0.700,1.220
202604150906,0.619,1.239,,,,,,,
202604150912,0.618,1.239,,,,,,,
202604150918,0.618,1.249,,,,,,,
202604150924,0.618,1.249,,,,,,,
202604150930,0.618,1.229,,,,,,,
202604150936,0.618,1.220,,,,,,,
202604150942,0.619,1.229,,,,,,,
202604150948,0.619,1.229,,,,,,,
202604150954,0.620,1.229,,,,,,,
202604151000,0.621,1.229,0.700,-0.092,1.229,0.700,1.229,0.800,1.329
202604151006,0.622,1.220,,,,,,,
202604151012,0.623,1.220,,,,,,,
202604151018,0.624,1.239,,,,,,,
202604151024,0.625,1.269,,,,,,,
202604151030,0.627,1.279,,,,,,,
202604151036,0.628,1.269,,,,,,,
202604151042,0.630,1.259,,,,,,,
202604151048,0.632,1.279,,,,,,,
202604151054,0.634,1.279,,,,,,,
202604151100,0.636,1.289,0.800,-0.147,1.289,0.700,1.189,0.800,1.289
202604151106,0.638,1.298,,,,,,,
202604151112,0.640,1.289,,,,,,,
202604151118,0.642,1.259,,,,,,,
202604151124,0.645,1.249,,,,,,,
202604151130,0.647,1.279,,,,,,,
202604151136,0.650,1.279,,,,,,,
202604151142,0.652,1.279,,,,,,,
202604151148,0.655,1.259,,,,,,,
202604151154,0.658,1.269,,,,,,,
202604151200,0.660,1.249,0.600,-0.011,1.249,0.600,1.249,0.600,1.249
202604151206,0.663,1.239,,,,,,,
202604151212,0.666,1.279,,,,,,,
202604151218,0.668,1.269,,,,,,,
202604151224,0.671,1.279,,,,,,,
202604151230,0.674,1.259,,,,,,,
202604151236,0.676,1.259,,,,,,,
202604151242,0.679,1.279,,,,,,,
202604151248,0.681,1.259,,,,,,,
202604151254,0.684,1.259,,,,,,,
202604151300,0.686,1.259,0.600,-0.027,1.259,0.600,1.259,0.600,1.259
202604151306,0.688,1.229,,,,,,,
202604151312,0.691,1.239,,,,,,,
202604151318,0.693,1.220,,,,,,,
202604151324,0.695,1.229,,,,,,,
202604151330,0.696,1.229,,,,,,,
202604151336,0.698,1.229,,,,,,,
202604151342,0.700,1.220,,,,,,,
202604151348,0.701,1.210,,,,,,,
202604151354,0.702,1.210,,,,,,,
202604151400,0.703,1.220,0.600,-0.083,1.220,0.600,1.220,0.600,1.220
202604151406,0.704,1.229,,,,,,,
202604151412,0.705,1.229,,,,,,,
202604151418,0.705,1.249,,,,,,,
202604151424,0.705,1.259,,,,,,,
202604151430,0.705,1.279,,,,,,,
202604151436,0.705,1.298,,,,,,,
202604151442,0.705,1.298,,,,,,,
202604151448,0.704,1.338,,,,,,,
202604151454,0.703,1.338,,,,,,,
202604151500,0.702,1.348,0.700,-0.054,1.348,0.600,1.248,0.700,1.348
202604151506,0.700,1.348,,,,,,,
202604151512,0.699,1.361,,,,,,,
202604151518,0.697,1.361,,,,,,,
202604151524,0.695,1.348,,,,,,,
202604151530,0.692,1.380,,,,,,,
202604151536,0.690,1.380,,,,,,,
202604151542,0.687,1.380,,,,,,,
202604151548,0.683,1.371,,,,,,,
202604151554,0.680,1.371,,,,,,,
202604151600,0.676,1.361,0.700,-0.015,1.361,0.600,1.261,0.700,1.361
202604151606,0.672,1.338,,,,,,,
202604151612,0.668,1.328,,,,,,,
202604151618,0.663,1.328,,,,,,,
202604151624,0.658,1.318,,,,,,,
202604151630,0.653,1.298,,,,,,,
202604151636,0.648,1.289,,,,,,,
202604151642,0.642,1.279,,,,,,,
202604151648,0.636,1.279,,,,,,,
202604151654,0.630,1.239,,,,,,,
202604151700,0.624,1.239,0.600,0.015,1.239,0.600,1.239,0.700,1.339
202604151706,0.618,1.210,,,,,,,
202604151712,0.611,1.190,,,,,,,
202604151718,0.604,1.161,,,,,,,
202604151724,0.597,1.161,,,,,,,
202604151730,0.590,1.161,,,,,,,
202604151736,0.582,1.118,,,,,,,
202604151742,0.575,1.098,,,,,,,
202604151748,0.567,1.108,,,,,,,
202604151754,0.559,1.088,,,,,,,
202604151800,0.551,1.079,0.600,-0.072,1.079,0.600,1.079,0.600,1.079
202604151806,0.543,1.069,,,,,,,
202604151812,0.534,1.069,,,,,,,
202604151818,0.526,1.049,,,,,,,
202604151824,0.517,1.039,,,,,,,
202604151830,0.509,1.049,,,,,,,
202604151836,0.500,1.059,,,,,,,
202604151842,0.492,1.069,,,,,,,
202604151848,0.483,1.059,,,,,,,
202604151854,0.474,1.039,,,,,,,
202604151900,0.466,1.010,0.600,-0.056,1.010,0.600,1.010,0.600,1.010
202604151906,0.457,0.990,,,,,,,
202604151912,0.448,0.980,,,,,,,
202604151918,0.440,0.970,,,,,,,
202604151924,0.431,0.951,,,,,,,
202604151930,0.423,0.928,,,,,,,
202604151936,0.414,0.908,,,,,,,
202604151942,0.406,0.888,,,,,,,
202604151948,0.398,0.898,,,,,,,
202604151954,0.389,0.888,,,,,,,
202604152000,0.382,0.879,0.600,-0.103,0.879,0.600,0.879,0.600,0.879
202604152006,0.374,0.859,,,,,,,
202604152012,0.366,0.849,,,,,,,
202604152018,0.359,0.849,,,,,,,
202604152024,0.351,0.839,,,,,,,
202604152030,0.344,0.829,,,,,,,
202604152036,0.337,0.819,,,,,,,
202604152042,0.330,0.810,,,,,,,
202604152048,0.324,0.819,,,,,,,
202604152054,0.318,0.829,,,,,,,
202604152100,0.312,0.819,0.600,-0.093,0.819,0.600,0.819,0.600,0.819
202604152106,0.306,0.819,,,,,,,
202604152112,0.301,0.800,,,,,,,
202604152118,0.295,0.800,,,,,,,
202604152124,0.291,0.800,,,,,,,
202604152130,0.286,0.819,,,,,,,
202604152136,0.282,0.810,,,,,,,
202604152142,0.278,0.790,,,,,,,
202604152148,0.274,0.780,,,,,,,
202604152154,0.271,0.790,,,,,,,
202604152200,0.268,0.819,0.700,-0.149,0.819,0.700,0.819,0.700,0.819
202604152206,0.265,0.839,,,,,,,
202604152212,0.262,0.810,,,,,,,
202604152218,0.260,0.839,,,,,,,
202604152224,0.259,0.849,,,,,,,
202604152230,0.257,0.849,,,,,,,
202604152236,0.256,0.869,,,,,,,
202604152242,0.255,0.859,,,,,,,
202604152248,0.255,0.849,,,,,,,
202604152254,0.255,0.849,,,,,,,
202604152300,0.255,0.849,0.700,-0.106,0.849,0.700,0.849,0.700,0.849
202604152306,0.256,0.849,,,,,,,
202604152312,0.257,0.849,,,,,,,
202604152318,0.258,0.839,,,,,,,
202604152324,0.260,0.849,,,,,,,
202604152330,0.262,0.839,,,,,,,
202604152336,0.264,0.849,,,,,,,
202604152342,0.266,0.849,,,,,,,
202604152348,0.269,0.879,,,,,,,
202604152354,0.272,0.898,,,,,,,
202604160000,0.276,0.888,0.600,0.012,0.888,0.600,0.888,0.600,0.888
202604160006,0.280,0.888,,,,,,,
202604160012,0.284,0.908,,,,,,,
202604160018,0.288,0.908,,,,,,,
202604160024,0.292,0.908,,,,,,,
202604160030,0.297,0.918,,,,,,,
202604160036,0.302,0.918,,,,,,,
202604160042,0.307,0.898,,,,,,,
202604160048,0.313,0.908,,,,,,,
202604160054,0.318,0.941,,,,,,,
202604160100,0.324,0.941,0.600,0.017,0.941,0.600,0.941,0.700,1.041
202604160106,0.330,0.928,,,,,,,
202604160112,0.336,0.941,,,,,,,
202604160118,0.343,0.941,,,,,,,
202604160124,0.349,0.941,,,,,,,
202604160130,0.356,0.961,,,,,,,
202604160136,0.363,0.980,,,,,,,
202604160142,0.370,0.980,,,,,,,
202604160148,0.377,0.980,,,,,,,
202604160154,0.384,0.990,,,,,,,
202604160200,0.391,0.990,0.700,-0.101,0.990,0.600,0.890,0.700,0.990
202604160206,0.399,1.020,,,,,,,
202604160212,0.406,1.039,,,,,,,
202604160218,0.413,1.049,,,,,,,
202604160224,0.421,1.049,,,,,,,
202604160230,0.428,1.059,,,,,,,
202604160236,0.436,1.088,,,,,,,
202604160242,0.443,1.088,,,,,,,
202604160248,0.451,1.088,,,,,,,
202604160254,0.459,1.118,,,,,,,
202604160300,0.466,1.128,0.600,0.062,1.128,0.600,1.128,0.700,1.228
202604160306,0.474,1.118,,,,,,,
202604160312,0.481,1.151,,,,,,,
202604160318,0.489,1.161,,,,,,,
202604160324,0.496,1.161,,,,,,,
202604160330,0.503,1.170,,,,,,,
202604160336,0.510,1.180,,,,,,,
202604160342,0.518,1.190,,,,,,,
202604160348,0.525,1.190,,,,,,,
202604160354,0.532,1.210,,,,,,,
202604160400,0.540,1.220,0.600,0.080,1.220,0.600,1.220,0.600,1.220
202604160406,0.545,1.220,,,,,,,
202604160412,0.552,1.220,,,,,,,
202604160418,0.559,1.229,,,,,,,
202604160424,0.565,1.229,,,,,,,
202604160430,0.572,1.220,,,,,,,
202604160436,0.578,1.229,,,,,,,
202604160442,0.584,1.259,,,,,,,
202604160448,0.590,1.259,,,,,,,
202604160454,0.596,1.259,,,,,,,
202604160500,0.602,1.249,0.600,0.047,1.249,0.600,1.249,0.600,1.249
202604160506,0.607,1.259,,,,,,,
202604160512,0.613,1.279,,,,,,,
202604160518,0.618,1.289,,,,,,,
202604160524,0.623,1.298,,,,,,,
202604160530,0.628,1.279,,,,,,,
202604160536,0.633,1.298,,,,,,,
202604160542,0.638,1.308,,,,,,,
202604160548,0.643,1.318,,,,,,,
202604160554,0.648,1.318,,,,,,,
202604160600,0.652,1.318,0.600,0.066,1.318,0.600,1.318,0.700,1.418
202604160606,0.657,1.318,,,,,,,
202604160612,0.661,1.328,,,,,,,
202604160618,0.665,1.318,,,,,,,
202604160624,0.669,1.318,,,,,,,
202604160630,0.673,1.308,,,,,,,
202604160636,0.677,1.318,,,,,,,
202604160642,0.681,1.308,,,,,,,
202604160648,0.685,1.328,,,,,,,
202604160654,0.688,1.328,,,,,,,
202604160700,0.692,1.348,0.600,0.056,1.348,0.600,1.348,0.700,1.448
202604160706,0.695,1.348,,,,,,,
202604160712,0.699,1.348,,,,,,,
202604160718,0.702,1.338,,,,,,,
202604160724,0.706,1.361,,,,,,,
202604160730,0.709,1.348,,,,,,,
202604160736,0.712,1.361,,,,,,,
202604160742,0.715,1.361,,,,,,,
202604160748,0.719,1.361,,,,,,,
202604160754,0.722,1.371,,,,,,,
202604160800,0.725,1.361,0.600,0.036,1.361,0.600,1.361,0.700,1.461
202604160806,0.728,1.380,,,,,,,
202604160812,0.731,1.371,,,,,,,
202604160818,0.735,1.390,,,,,,,
202604160824,0.738,1.390,,,,,,,
202604160830,0.741,1.390,,,,,,,
202604160836,0.744,1.390,,,,,,,
202604160842,0.748,1.390,,,,,,,
202604160848,0.751,1.390,,,,,,,
202604160854,0.754,1.390,,,,,,,
202604160900,0.757,1.410,0.600,0.053,1.410,0.600,1.410,0.700,1.510
202604160906,0.761,1.390,,,,,,,
202604160912,0.764,1.390,,,,,,,
202604160918,0.768,1.390,,,,,,,
202604160924,0.771,1.400,,,,,,,
202604160930,0.775,1.420,,,,,,,
202604160936,0.778,1.430,,,,,,,
202604160942,0.782,1.420,,,,,,,
202604160948,0.786,1.430,,,,,,,
202604160954,0.789,1.430,,,,,,,
202604161000,0.793,1.439,0.700,-0.054,1.439,0.700,1.439,0.700,1.439
202604161006,0.797,1.459,,,,,,,
202604161012,0.801,1.459,,,,,,,
202604161018,0.805,1.479,,,,,,,
202604161024,0.809,1.459,,,,,,,
202604161030,0.813,1.459,,,,,,,
202604161036,0.817,1.459,,,,,,,
202604161042,0.821,1.469,,,,,,,
202604161048,0.825,1.479,,,,,,,
202604161054,0.829,1.469,,,,,,,
202604161100,0.833,1.479,0.700,-0.054,1.479,0.700,1.479,0.700,1.479
202604161106,0.837,1.469,,,,,,,
202604161112,0.841,1.479,,,,,,,
202604161118,0.845,1.498,,,,,,,
202604161124,0.849,1.498,,,,,,,
202604161130,0.854,1.498,,,,,,,
202604161136,0.858,1.508,,,,,,,
202604161142,0.862,1.489,,,,,,,
202604161148,0.866,1.508,,,,,,,
202604161154,0.870,1.498,,,,,,,
202604161200,0.874,1.518,0.600,0.044,1.518,0.600,1.518,0.600,1.518
202604161206,0.877,1.508,,,,,,,
202604161212,0.881,1.489,,,,,,,
202604161218,0.885,1.498,,,,,,,
202604161224,0.888,1.498,,,,,,,
202604161230,0.892,1.489,,,,,,,
202604161236,0.895,1.479,,,,,,,
202604161242,0.898,1.479,,,,,,,
202604161248,0.902,1.479,,,,,,,
202604161254,0.904,1.479,,,,,,,
202604161300,0.907,1.498,0.600,-0.009,1.498,0.600,1.498,0.600,1.498
202604161306,0.910,1.498,,,,,,,
202604161312,0.912,1.498,,,,,,,
202604161318,0.915,1.498,,,,,,,
202604161324,0.917,1.498,,,,,,,
202604161330,0.918,1.498,,,,,,,
202604161336,0.920,1.508,,,,,,,
202604161342,0.921,1.508,,,,,,,
202604161348,0.923,1.498,,,,,,,
202604161354,0.923,1.508,,,,,,,
202604161400,0.924,1.489,0.600,-0.035,1.489,0.600,1.489,0.600,1.489
202604161406,0.924,1.489,,,,,,,
202604161412,0.924,1.489,,,,,,,
202604161418,0.924,1.479,,,,,,,
202604161424,0.924,1.469,,,,,,,
202604161430,0.923,1.479,,,,,,,
202604161436,0.922,1.479,,,,,,,
202604161442,0.920,1.459,,,,,,,
202604161448,0.918,1.459,,,,,,,
202604161454,0.916,1.449,,,,,,,
202604161500,0.914,1.439,0.600,-0.075,1.439,0.600,1.439,0.600,1.439
202604161506,0.911,1.430,,,,,,,
202604161512,0.908,1.430,,,,,,,
202604161518,0.904,1.420,,,,,,,
202604161524,0.900,1.430,,,,,,,
202604161530,0.896,1.439,,,,,,,
202604161536,0.891,1.430,,,,,,,
202604161542,0.886,1.400,,,,,,,
202604161548,0.881,1.410,,,,,,,
202604161554,0.875,1.390,,,,,,,
202604161600,0.869,1.390,0.500,0.021,1.390,0.500,1.390,0.500,1.390
202604161606,0.862,1.380,,,,,,,
202604161612,0.855,1.361,,,,,,,
202604161618,0.848,1.348,,,,,,,
202604161624,0.841,1.361,,,,,,,
202604161630,0.833,1.361,,,,,,,
202604161636,0.824,1.348,,,,,,,
202604161642,0.815,1.348,,,,,,,
202604161648,0.806,1.348,,,,,,,
202604161654,0.797,1.348,,,,,,,
202604161700,0.787,1.338,0.500,0.051,1.338,0.500,1.338,0.500,1.338
202604161706,0.777,1.328,,,,,,,
202604161712,0.766,1.318,,,,,,,
202604161718,0.756,1.308,,,,,,,
202604161724,0.744,1.298,,,,,,,
202604161730,0.733,1.289,,,,,,,
202604161736,0.721,1.269,,,,,,,
202604161742,0.709,1.269,,,,,,,
202604161748,0.697,1.249,,,,,,,
202604161754,0.685,1.249,,,,,,,
202604161800,0.672,1.220,0.600,-0.052,1.220,0.600,1.220,0.600,1.220
202604161806,0.659,1.190,,,,,,,
202604161812,0.646,1.170,,,,,,,
202604161818,0.632,1.138,,,,,,,
202604161824,0.619,1.118,,,,,,,
202604161830,0.605,1.098,,,,,,,
202604161836,0.591,1.069,,,,,,,
202604161842,0.577,1.049,,,,,,,
202604161848,0.563,1.039,,,,,,,
202604161854,0.548,1.029,,,,,,,
202604161900,0.534,1.020,0.600,-0.114,1.020,0.500,0.920,0.600,1.020
202604161906,0.519,0.980,,,,,,,
202604161912,0.505,0.951,,,,,,,
202604161918,0.490,0.941,,,,,,,
202604161924,0.475,0.918,,,,,,,
202604161930,0.461,0.908,,,,,,,
202604161936,0.446,0.888,,,,,,,
202604161942,0.432,0.869,,,,,,,
202604161948,0.417,0.869,,,,,,,
202604161954,0.402,0.849,,,,,,,
202604162000,0.388,0.829,0.600,-0.159,0.829,0.500,0.729,0.600,0.829
202604162006,0.374,0.829,,,,,,,
202604162012,0.359,0.819,,,,,,,
202604162018,0.345,0.780,,,,,,,
202604162024,0.331,0.780,,,,,,,
202604162030,0.318,0.760,,,,,,,
202604162036,0.304,0.741,,,,,,,
202604162042,0.291,0.708,,,,,,,
202604162048,0.278,0.708,,,,,,,
202604162054,0.265,0.698,,,,,,,
202604162100,0.252,0.688,0.600,-0.164,0.688,0.600,0.688,0.600,0.688
202604162106,0.239,0.678,,,,,,,
202604162112,0.227,0.649,,,,,,,
202604162118,0.215,0.629,,,,,,,
202604162124,0.204,0.629,,,,,,,
202604162130,0.193,0.619,,,,,,,
202604162136,0.182,0.619,,,,,,,
202604162142,0.171,0.610,,,,,,,
202604162148,0.161,0.590,,,,,,,
202604162154,0.151,0.570,,,,,,,
202604162200,0.142,0.551,0.700,-0.291,0.551,0.700,0.551,0.700,0.551
202604162206,0.133,0.551,,,,,,,
202604162212,0.124,0.541,,,,,,,
202604162218,0.116,0.531,,,,,,,
202604162224,0.108,0.541,,,,,,,
202604162230,0.101,0.541,,,,,,,
202604162236,0.094,0.531,,,,,,,
202604162242,0.088,0.518,,,,,,,
202604162248,0.081,0.508,,,,,,,
202604162254,0.076,0.518,,,,,,,
202604162300,0.071,0.508,0.700,-0.263,0.508,0.700,0.508,0.700,0.508
202604162306,0.066,0.508,,,,,,,
202604162312,0.062,0.488,,,,,,,
202604162318,0.058,0.478,,,,,,,
202604162324,0.055,0.498,,,,,,,
202604162330,0.052,0.518,,,,,,,
202604162336,0.050,0.518,,,,,,,
202604162342,0.048,0.498,,,,,,,
202604162348,0.047,0.488,,,,,,,
202604162354,0.046,0.508,,,,,,,
202604170000,0.045,0.498,0.600,-0.147,0.498,0.600,0.498,0.600,0.498
202604170006,0.045,0.531,,,,,,,
202604170012,0.046,0.498,,,,,,,
202604170018,0.047,0.498,,,,,,,
202604170024,0.048,0.498,,,,,,,
202604170030,0.050,0.508,,,,,,,
202604170036,0.052,0.518,,,,,,,
202604170042,0.055,0.518,,,,,,,
202604170048,0.058,0.531,,,,,,,
202604170054,0.061,0.541,,,,,,,
202604170100,0.065,0.551,0.600,-0.114,0.551,0.600,0.551,0.600,0.551
202604170106,0.069,0.551,,,,,,,
202604170112,0.074,0.551,,,,,,,
202604170118,0.079,0.551,,,,,,,
202604170124,0.084,0.570,,,,,,,
202604170130,0.090,0.580,,,,,,,
202604170136,0.096,0.590,,,,,,,
202604170142,0.103,0.590,,,,,,,
202604170148,0.110,0.590,,,,,,,
202604170154,0.117,0.580,,,,,,,
202604170200,0.124,0.600,0.600,-0.124,0.600,0.600,0.600,0.700,0.700
202604170206,0.132,0.610,,,,,,,
202604170212,0.140,0.629,,,,,,,
202604170218,0.148,0.639,,,,,,,
202604170224,0.156,0.629,,,,,,,
202604170230,0.165,0.629,,,,,,,
202604170236,0.174,0.639,,,,,,,
202604170242,0.183,0.669,,,,,,,
202604170248,0.192,0.678,,,,,,,
202604170254,0.202,0.688,,,,,,,
202604170300,0.212,0.688,0.600,-0.124,0.688,0.600,0.688,0.600,0.688
202604170306,0.222,0.731,,,,,,,
202604170312,0.232,0.731,,,,,,,
202604170318,0.242,0.760,,,,,,,
202604170324,0.252,0.780,,,,,,,
202604170330,0.263,0.810,,,,,,,
202604170336,0.273,0.810,,,,,,,
202604170342,0.284,0.819,,,,,,,
202604170348,0.294,0.849,,,,,,,
202604170354,0.305,0.869,,,,,,,
202604170400,0.316,0.879,0.600,-0.037,0.879,0.600,0.879,0.600,0.879
202604170406,0.327,0.859,,,,,,,
202604170412,0.338,0.888,,,,,,,
202604170418,0.349,0.898,,,,,,,
202604170424,0.360,0.908,,,,,,,
202604170430,0.371,0.908,,,,,,,
202604170436,0.382,0.918,,,,,,,
202604170442,0.393,0.951,,,,,,,
202604170448,0.404,0.970,,,,,,,
202604170454,0.415,0.970,,,,,,,
202604170500,0.426,0.980,0.600,-0.046,0.980,0.600,0.980,0.600,0.980
202604170506,0.436,0.980,,,,,,,
202604170512,0.447,1.000,,,,,,,
202604170518,0.458,1.020,,,,,,,
202604170524,0.469,1.029,,,,,,,
202604170530,0.480,1.029,,,,,,,
202604170536,0.490,1.029,,,,,,,
202604170542,0.501,1.039,,,,,,,
202604170548,0.511,1.069,,,,,,,
202604170554,0.522,1.088,,,,,,,
202604170600,0.532,1.069,0.600,-0.063,1.069,0.600,1.069,0.600,1.069
202604170606,0.543,1.059,,,,,,,
202604170612,0.553,1.069,,,,,,,
202604170618,0.563,1.108,,,,,,,
202604170624,0.573,1.098,,,,,,,
202604170630,0.583,1.108,,,,,,,
202604170636,0.593,1.108,,,,,,,
202604170642,0.603,1.128,,,,,,,
202604170648,0.613,1.138,,,,,,,
202604170654,0.623,1.170,,,,,,,
202604170700,0.632,1.180,0.600,-0.052,1.180,0.600,1.180,0.600,1.180
202604170706,0.642,1.180,,,,,,,
202604170712,0.651,1.180,,,,,,,
202604170718,0.661,1.200,,,,,,,
202604170724,0.670,1.220,,,,,,,
202604170730,0.679,1.220,,,,,,,
202604170736,0.688,1.210,,,,,,,
202604170742,0.698,1.220,,,,,,,
202604170748,0.707,1.229,,,,,,,
202604170754,0.716,1.249,,,,,,,
202604170800,0.725,1.249,0.600,-0.076,1.249,0.600,1.249,0.600,1.249
202604170806,0.733,1.249,,,,,,,
202604170812,0.742,1.249,,,,,,,
202604170818,0.751,1.259,,,,,,,
202604170824,0.760,1.269,,,,,,,
202604170830,0.768,1.269,,,,,,,
202604170836,0.777,1.269,,,,,,,
202604170842,0.786,1.279,,,,,,,
202604170848,0.794,1.279,,,,,,,
202604170854,0.803,1.289,,,,,,,
202604170900,0.811,1.298,0.600,-0.113,1.298,0.600,1.298,0.600,1.298
202604170906,0.820,1.328,,,,,,,
202604170912,0.828,1.338,,,,,,,
202604170918,0.836,1.328,,,,,,,
202604170924,0.845,1.338,,,,,,,
202604170930,0.853,1.348,,,,,,,
202604170936,0.861,1.348,,,,,,,
202604170942,0.870,1.361,,,,,,,
202604170948,0.878,1.371,,,,,,,
202604170954,0.886,1.361,,,,,,,
202604171000,0.894,1.361,0.600,-0.133,1.361,0.600,1.361,0.600,1.361
202604171006,0.902,1.371,,,,,,,
202604171012,0.910,1.390,,,,,,,
202604171018,0.918,1.400,,,,,,,
202604171024,0.926,1.410,,,,,,,
202604171030,0.934,1.420,,,,,,,
202604171036,0.942,1.420,,,,,,,
202604171042,0.950,1.420,,,,,,,
202604171048,0.958,1.439,,,,,,,
202604171054,0.966,1.449,,,,,,,
202604171100,0.973,1.449,0.600,-0.124,1.449,0.600,1.449,0.600,1.449
202604171106,0.981,1.459,,,,,,,
202604171112,0.988,1.469,,,,,,,
202604171118,0.996,1.479,,,,,,,
202604171124,1.003,1.489,,,,,,,
202604171130,1.011,1.479,,,,,,,
202604171136,1.018,1.489,,,,,,,
202604171142,1.025,1.498,,,,,,,
202604171148,1.032,1.498,,,,,,,
202604171154,1.039,1.498,,,,,,,
202604171200,1.045,1.508,0.600,-0.137,1.508,0.600,1.508,0.600,1.508
202604171206,1.052,1.508,,,,,,,
202604171212,1.059,1.528,,,,,,,
202604171218,1.065,1.538,,,,,,,
202604171224,1.071,1.538,,,,,,,
202604171230,1.077,1.548,,,,,,,
202604171236,1.083,1.557,,,,,,,
202604171242,1.088,1.557,,,,,,,
202604171248,1.094,1.580,,,,,,,
202604171254,1.099,1.580,,,,,,,
202604171300,1.104,1.557,0.600,-0.147,1.557,0.600,1.557,0.600,1.557
202604171306,1.108,1.580,,,,,,,
202604171312,1.113,1.590,,,,,,,
202604171318,1.117,1.590,,,,,,,
202604171324,1.121,1.590,,,,,,,
202604171330,1.125,1.590,,,,,,,
202604171336,1.128,1.590,,,,,,,
202604171342,1.131,1.580,,,,,,,
202604171348,1.134,1.580,,,,,,,
202604171354,1.136,1.571,,,,,,,
202604171400,1.138,1.580,0.600,-0.158,1.580,0.600,1.580,0.600,1.580
202604171406,1.140,1.571,,,,,,,
202604171412,1.141,1.580,,,,,,,
202604171418,1.142,1.571,,,,,,,
202604171424,1.143,1.580,,,,,,,
202604171430,1.143,1.571,,,,,,,
202604171436,1.143,1.580,,,,,,,
202604171442,1.143,1.571,,,,,,,
202604171448,1.142,1.580,,,,,,,
202604171454,1.140,1.571,,,,,,,
202604171500,1.139,1.571,0.600,-0.168,1.571,0.600,1.571,0.600,1.571
202604171506,1.136,1.557,,,,,,,
202604171512,1.134,1.571,,,,,,,
202604171518,1.131,1.571,,,,,,,
202604171524,1.127,1.557,,,,,,,
202604171530,1.123,1.557,,,,,,,
202604171536,1.119,1.548,,,,,,,
202604171542,1.114,1.538,,,,,,,
202604171548,1.108,1.538,,,,,,,
202604171554,1.102,1.528,,,,,,,
202604171600,1.096,1.528,0.600,-0.168,1.528,0.600,1.528,0.600,1.528
202604171606,1.089,1.528,,,,,,,
202604171612,1.082,1.508,,,,,,,
202604171618,1.074,1.508,,,,,,,
202604171624,1.066,1.508,,,,,,,
202604171630,1.057,1.508,,,,,,,
202604171636,1.048,1.479,,,,,,,
202604171642,1.038,1.479,,,,,,,
202604171648,1.028,1.459,,,,,,,
202604171654,1.017,1.459,,,,,,,
202604171700,1.006,1.449,0.600,-0.157,1.449,0.600,1.449,0.600,1.449
202604171706,0.995,1.439,,,,,,,
202604171712,0.983,1.420,,,,,,,
202604171718,0.970,1.400,,,,,,,
202604171724,0.957,1.371,,,,,,,
202604171730,0.944,1.371,,,,,,,
202604171736,0.930,1.361,,,,,,,
202604171742,0.916,1.348,,,,,,,
202604171748,0.901,1.338,,,,,,,
202604171754,0.886,1.318,,,,,,,
202604171800,0.871,1.318,0.600,-0.153,1.318,0.600,1.318,0.600,1.318
202604171806,0.855,1.298,,,,,,,
202604171812,0.839,1.279,,,,,,,
202604171818,0.823,1.249,,,,,,,
202604171824,0.806,1.220,,,,,,,
202604171830,0.789,1.200,,,,,,,
202604171836,0.772,1.180,,,,,,,
202604171842,0.754,1.151,,,,,,,
202604171848,0.736,1.128,,,,,,,
202604171854,0.718,1.108,,,,,,,
202604171900,0.699,1.108,0.600,-0.191,1.108,0.600,1.108,0.600,1.108
202604171906,0.681,1.079,,,,,,,
202604171912,0.662,1.059,,,,,,,
202604171918,0.643,1.029,,,,,,,
202604171924,0.624,1.000,,,,,,,
202604171930,0.605,0.980,,,,,,,
202604171936,0.585,0.941,,,,,,,
202604171942,0.566,0.908,,,,,,,
202604171948,0.546,0.888,,,,,,,
202604171954,0.526,0.879,,,,,,,
202604172000,0.507,0.839,0.600,-0.268,0.839,0.600,0.839,0.600,0.839
202604172006,0.487,0.829,,,,,,,
202604172012,0.467,0.800,,,,,,,
202604172018,0.447,0.790,,,,,,,
202604172024,0.428,0.760,,,,,,,
202604172030,0.408,0.741,,,,,,,
202604172036,0.388,0.698,,,,,,,
202604172042,0.369,0.669,,,,,,,
202604172048,0.350,0.659,,,,,,,
202604172054,0.331,0.639,,,,,,,
202604172100,0.312,0.619,0.600,-0.293,0.619,0.600,0.619,0.600,0.619
202604172106,0.293,0.590,,,,,,,
202604172112,0.274,0.560,,,,,,,
202604172118,0.256,0.531,,,,,,,
202604172124,0.237,0.498,,,,,,,
202604172130,0.220,0.488,,,,,,,
202604172136,0.202,0.459,,,,,,,
202604172142,0.185,0.419,,,,,,,
202604172148,0.168,0.400,,,,,,,
202604172154,0.151,0.409,,,,,,,
202604172200,0.135,0.400,0.700,-0.435,0.400,0.700,0.400,0.700,0.400
202604172206,0.119,0.380,,,,,,,
202604172212,0.103,0.350,,,,,,,
202604172218,0.088,0.341,,,,,,,
202604172224,0.073,0.331,,,,,,,
202604172230,0.059,0.331,,,,,,,
202604172236,0.045,0.308,,,,,,,
202604172242,0.031,0.288,,,,,,,
202604172248,0.018,0.259,,,,,,,
202604172254,0.006,0.249,,,,,,,
202604172300,-0.005,0.259,0.700,-0.436,0.259,0.700,0.259,0.700,0.259
202604172306,-0.017,0.259,,,,,,,
202604172312,-0.028,0.249,,,,,,,
202604172318,-0.038,0.229,,,,,,,
202604172324,-0.048,0.229,,,,,,,
202604172330,-0.058,0.249,,,,,,,
202604172336,-0.067,0.239,,,,,,,
202604172342,-0.075,0.229,,,,,,,
202604172348,-0.083,0.229,,,,,,,
202604172354,-0.090,0.209,,,,,,,
202604180000,-0.097,0.200,0.500,-0.203,0.200,0.500,0.200,0.600,0.300
202604180006,-0.103,0.190,,,,,,,
202604180012,-0.108,0.200,,,,,,,
202604180018,-0.113,0.170,,,,,,,
202604180024,-0.118,0.160,,,,,,,
202604180030,-0.122,0.160,,,,,,,
202604180036,-0.125,0.170,,,,,,,
202604180042,-0.128,0.160,,,,,,,
202604180048,-0.130,0.160,,,,,,,
202604180054,-0.132,0.160,,,,,,,
202604180100,-0.133,0.170,0.600,-0.297,0.170,0.500,0.070,0.600,0.170
202604180106,-0.133,0.160,,,,,,,
202604180112,-0.133,0.150,,,,,,,
202604180118,-0.133,0.150,,,,,,,
202604180124,-0.132,0.160,,,,,,,
202604180130,-0.130,0.150,,,,,,,
202604180136,-0.128,0.160,,,,,,,
202604180142,-0.125,0.160,,,,,,,
202604180148,-0.122,0.150,,,,,,,
202604180154,-0.118,0.160,,,,,,,
202604180200,-0.114,0.180,0.600,-0.306,0.180,0.600,0.180,0.600,0.180
202604180206,-0.109,0.180,,,,,,,
202604180212,-0.104,0.190,,,,,,,
202604180218,-0.099,0.209,,,,,,,
202604180224,-0.092,0.209,,,,,,,
202604180230,-0.086,0.209,,,,,,,
202604180236,-0.079,0.219,,,,,,,
202604180242,-0.072,0.219,,,,,,,
202604180248,-0.064,0.219,,,,,,,
202604180254,-0.056,0.239,,,,,,,
202604180300,-0.047,0.249,0.600,-0.304,0.249,0.600,0.249,0.600,0.249
202604180306,-0.038,0.259,,,,,,,
202604180312,-0.029,0.288,,,,,,,
202604180318,-0.020,0.298,,,,,,,
202604180324,-0.010,0.321,,,,,,,
202604180330,0.000,0.341,,,,,,,
202604180336,0.010,0.341,,,,,,,
202604180342,0.021,0.370,,,,,,,
202604180348,0.032,0.360,,,,,,,
202604180354,0.044,0.390,,,,,,,
202604180400,0.055,0.419,0.500,-0.136,0.419,0.500,0.419,0.500,0.419
202604180406,0.067,0.429,,,,,,,
202604180412,0.079,0.459,,,,,,,
202604180418,0.092,0.449,,,,,,,
202604180424,0.104,0.498,,,,,,,
202604180430,0.117,0.518,,,,,,,
202604180436,0.130,0.541,,,,,,,
202604180442,0.143,0.560,,,,,,,
202604180448,0.156,0.560,,,,,,,
202604180454,0.170,0.600,,,,,,,
202604180500,0.183,0.610,0.500,-0.073,0.610,0.500,0.610,0.500,0.610
202604180506,0.197,0.639,,,,,,,
202604180512,0.211,0.629,,,,,,,
202604180518,0.225,0.639,,,,,,,
202604180524,0.239,0.649,,,,,,,
202604180530,0.253,0.678,,,,,,,
202604180536,0.267,0.669,,,,,,,
202604180542,0.281,0.688,,,,,,,
202604180548,0.296,0.698,,,,,,,
202604180554,0.310,0.718,,,,,,,
202604180600,0.325,0.718,0.600,-0.207,0.718,0.600,0.718,0.600,0.718
202604180606,0.339,,,,,,,,
202604180612,0.354,,,,,,,,
202604180618,0.368,,,,,,,,
202604180624,0.383,,,,,,,,
202604180630,0.397,,,,,,,,
202604180636,0.412,,,,,,,,
202604180642,0.426,,,,,,,,
202604180648,0.441,,,,,,,,
202604180654,0.455,,,,,,,,
202604180700,0.470,,0.600,-0.198,0.872,0.600,0.872,0.700,0.972
202604180706,0.485,,,,,,,,
202604180712,0.499,,,,,,,,
202604180718,0.514,,,,,,,,
202604180724,0.528,,,,,,,,
202604180730,0.543,,,,,,,,
202604180736,0.557,,,,,,,,
202604180742,0.571,,,,,,,,
202604180748,0.586,,,,,,,,
202604180754,0.600,,,,,,,,
202604180800,0.614,,0.600,-0.188,1.026,0.600,1.026,0.700,1.126
202604180806,0.628,,,,,,,,
202604180812,0.643,,,,,,,,
202604180818,0.657,,,,,,,,
202604180824,0.671,,,,,,,,
202604180830,0.685,,,,,,,,
202604180836,0.699,,,,,,,,
202604180842,0.713,,,,,,,,
202604180848,0.727,,,,,,,,
202604180854,0.741,,,,,,,,
202604180900,0.754,,0.600,-0.179,1.175,0.600,1.175,0.600,1.175
202604180906,0.768,,,,,,,,
202604180912,0.782,,,,,,,,
202604180918,0.795,,,,,,,,
202604180924,0.809,,,,,,,,
202604180930,0.822,,,,,,,,
202604180936,0.836,,,,,,,,
202604180942,0.849,,,,,,,,
202604180948,0.862,,,,,,,,
202604180954,0.876,,,,,,,,
202604181000,0.889,,0.600,-0.170,1.319,0.600,1.319,0.700,1.419
202604181006,0.902,,,,,,,,
202604181012,0.915,,,,,,,,
202604181018,0.928,,,,,,,,
202604181024,0.940,,,,,,,,
202604181030,0.953,,,,,,,,
202604181036,0.966,,,,,,,,
202604181042,0.978,,,,,,,,
202604181048,0.991,,,,,,,,
202604181054,1.003,,,,,,,,
202604181100,1.015,,0.700,-0.161,1.554,0.600,1.454,0.700,1.554
202604181106,1.027,,,,,,,,
202604181112,1.039,,,,,,,,
202604181118,1.051,,,,,,,,
202604181124,1.063,,,,,,,,
202604181130,1.075,,,,,,,,
202604181136,1.086,,,,,,,,
202604181142,1.097,,,,,,,,
202604181148,1.109,,,,,,,,
202604181154,1.120,,,,,,,,
202604181200,1.130,,0.600,-0.151,1.579,0.600,1.579,0.600,1.579
202604181206,1.141,,,,,,,,
202604181212,1.151,,,,,,,,
202604181218,1.162,,,,,,,,
202604181224,1.172,,,,,,,,
202604181230,1.182,,,,,,,,
202604181236,1.191,,,,,,,,
202604181242,1.200,,,,,,,,
202604181248,1.210,,,,,,,,
202604181254,1.218,,,,,,,,
202604181300,1.227,,0.500,-0.142,1.585,0.500,1.585,0.600,1.685
202604181306,1.235,,,,,,,,
202604181312,1.243,,,,,,,,
202604181318,1.251,,,,,,,,
202604181324,1.258,,,,,,,,
202604181330,1.266,,,,,,,,
202604181336,1.272,,,,,,,,
202604181342,1.279,,,,,,,,
202604181348,1.285,,,,,,,,
202604181354,1.291,,,,,,,,
202604181400,1.296,,0.600,-0.133,1.763,0.500,1.663,0.600,1.763
202604181406,1.301,,,,,,,,
202604181412,1.305,,,,,,,,
202604181418,1.310,,,,,,,,
202604181424,1.313,,,,,,,,
202604181430,1.317,,,,,,,,
202604181436,1.319,,,,,,,,
202604181442,1.322,,,,,,,,
202604181448,1.324,,,,,,,,
202604181454,1.325,,,,,,,,
202604181500,1.326,,0.600,-0.124,1.802,0.600,1.802,0.600,1.802
202604181506,1.327,,,,,,,,
202604181512,1.327,,,,,,,,
202604181518,1.327,,,,,,,,
202604181524,1.326,,,,,,,,
202604181530,1.324,,,,,,,,
202604181536,1.322,,,,,,,,
202604181542,1.320,,,,,,,,
202604181548,1.317,,,,,,,,
202604181554,1.313,,,,,,,,
202604181600,1.309,,0.500,-0.114,1.695,0.500,1.695,0.500,1.695
202604181606,1.304,,,,,,,,
202604181612,1.299,,,,,,,,
202604181618,1.293,,,,,,,,
202604181624,1.287,,,,,,,,
202604181630,1.280,,,,,,,,
202604181636,1.273,,,,,,,,
202604181642,1.265,,,,,,,,
202604181648,1.256,,,,,,,,
202604181654,1.247,,,,,,,,
202604181700,1.237,,0.500,-0.105,1.632,0.500,1.632,0.500,1.632
202604181706,1.227,,,,,,,,
202604181712,1.216,,,,,,,,
202604181718,1.205,,,,,,,,
202604181724,1.193,,,,,,,,
202604181730,1.180,,,,,,,,
202604181736,1.167,,,,,,,,
202604181742,1.154,,,,,,,,
202604181748,1.140,,,,,,,,
202604181754,1.125,,,,,,,,
202604181800,1.110,,0.500,-0.096,1.514,0.500,1.514,0.500,1.514
202604181806,1.095,,,,,,,,
202604181812,1.079,,,,,,,,
202604181818,1.062,,,,,,,,
202604181824,1.045,,,,,,,,
202604181830,1.028,,,,,,,,
202604181836,1.010,,,,,,,,
202604181842,0.991,,,,,,,,
202604181848,0.973,,,,,,,,
202604181854,0.953,,,,,,,,
202604181900,0.934,,0.500,-0.096,1.338,0.500,1.338,0.600,1.438
202604181906,0.914,,,,,,,,
202604181912,0.894,,,,,,,,
202604181918,0.873,,,,,,,,
202604181924,0.852,,,,,,,,
202604181930,0.831,,,,,,,,
202604181936,0.809,,,,,,,,
202604181942,0.788,,,,,,,,
202604181948,0.766,,,,,,,,
202604181954,0.743,,,,,,,,
202604182000,0.721,,0.500,-0.096,1.125,0.500,1.125,0.600,1.225
202604182006,0.698,,,,,,,,
202604182012,0.676,,,,,,,,
202604182018,0.653,,,,,,,,
202604182024,0.630,,,,,,,,
202604182030,0.606,,,,,,,,
202604182036,0.583,,,,,,,,
202604182042,0.560,,,,,,,,
202604182048,0.536,,,,,,,,
202604182054,0.513,,,,,,,,
202604182100,0.490,,0.500,-0.096,0.894,0.500,0.894,0.600,0.994
202604182106,0.466,,,,,,,,
202604182112,0.443,,,,,,,,
202604182118,0.420,,,,,,,,
202604182124,0.397,,,,,,,,
202604182130,0.374,,,,,,,,
202604182136,0.351,,,,,,,,
202604182142,0.328,,,,,,,,
202604182148,0.306,,,,,,,,
202604182154,0.283,,,,,,,,
202604182200,0.261,,0.600,-0.096,0.765,0.600,0.765,0.700,0.865
202604182206,0.239,,,,,,,,
202604182212,0.218,,,,,,,,
202604182218,0.196,,,,,,,,
202604182224,0.175,,,,,,,,
202604182230,0.155,,,,,,,,
202604182236,0.134,,,,,,,,
202604182242,0.114,,,,,,,,
202604182248,0.095,,,,,,,,
202604182254,0.075,,,,,,,,
202604182300,0.057,,0.700,-0.096,0.661,0.600,0.561,0.700,0.661
202604182306,0.038,,,,,,,,
202604182312,0.020,,,,,,,,
202604182318,0.003,,,,,,,,
202604182324,-0.013,,,,,,,,
202604182330,-0.030,,,,,,,,
202604182336,-0.046,,,,,,,,
202604182342,-0.061,,,,,,,,
202604182348,-0.076,,,,,,,,
202604182354,-0.091,,,,,,,,
202604190000,-0.105,,0.600,-0.096,0.399,0.600,0.399,0.600,0.399
202604190006,-0.118,,,,,,,,
202604190012,-0.131,,,,,,,,
202604190018,-0.143,,,,,,,,
202604190024,-0.155,,,,,,,,
202604190030,-0.166,,,,,,,,
202604190036,-0.177,,,,,,,,
202604190042,-0.186,,,,,,,,
202604190048,-0.196,,,,,,,,
202604190054,-0.204,,,,,,,,
202604190100,-0.213,,0.500,-0.096,0.191,0.500,0.191,0.600,0.291
202604190106,-0.220,,,,,,,,
202604190112,-0.227,,,,,,,,
202604190118,-0.233,,,,,,,,
202604190124,-0.239,,,,,,,,
202604190130,-0.244,,,,,,,,
202604190136,-0.248,,,,,,,,
202604190142,-0.252,,,,,,,,
202604190148,-0.255,,,,,,,,
202604190154,-0.257,,,,,,,,
202604190200,-0.259,,0.600,-0.096,0.245,0.500,0.145,0.600,0.245
202604190206,-0.261,,,,,,,,
202604190212,-0.261,,,,,,,,
202604190218,-0.261,,,,,,,,
202604190224,-0.261,,,,,,,,
202604190230,-0.260,,,,,,,,
202604190236,-0.258,,,,,,,,
202604190242,-0.256,,,,,,,,
202604190248,-0.253,,,,,,,,
202604190254,-0.250,,,,,,,,
202604190300,-0.246,,0.500,-0.096,0.158,0.500,0.158,0.600,0.258
202604190306,-0.242,,,,,,,,
202604190312,-0.237,,,,,,,,
202604190318,-0.231,,,,,,,,
202604190324,-0.225,,,,,,,,
202604190330,-0.219,,,,,,,,
202604190336,-0.212,,,,,,,,
202604190342,-0.204,,,,,,,,
202604190348,-0.196,,,,,,,,
202604190354,-0.188,,,,,,,,
202604190400,-0.179,,0.400,-0.096,0.125,0.400,0.125,0.500,0.225
202604190406,-0.170,,,,,,,,
202604190412,-0.160,,,,,,,,
202604190418,-0.150,,,,,,,,
202604190424,-0.140,,,,,,,,
202604190430,-0.129,,,,,,,,
202604190436,-0.117,,,,,,,,
202604190442,-0.106,,,,,,,,
202604190448,-0.094,,,,,,,,
202604190454,-0.081,,,,,,,,
202604190500,-0.069,,0.400,-0.096,0.235,0.400,0.235,0.400,0.235
202604190506,-0.056,,,,,,,,
202604190512,-0.042,,,,,,,,
202604190518,-0.029,,,,,,,,
202604190524,-0.015,,,,,,,,
202604190530,-0.001,,,,,,,,
202604190536,0.013,,,,,,,,
202604190542,0.027,,,,,,,,
202604190548,0.042,,,,,,,,
202604190554,0.057,,,,,,,,
202604190600,0.073,,0.400,-0.096,0.377,0.400,0.377,0.500,0.477
202604190606,0.088,,,,,,,,
202604190612,0.104,,,,,,,,
202604190618,0.120,,,,,,,,
202604190624,0.136,,,,,,,,
202604190630,0.152,,,,,,,,
202604190636,0.168,,,,,,,,
202604190642,0.185,,,,,,,,
202604190648,0.202,,,,,,,,
202604190654,0.219,,,,,,,,
202604190700,0.236,,0.500,-0.096,0.640,0.400,0.540,0.500,0.640
202604190706,0.253,,,,,,,,
202604190712,0.270,,,,,,,,
202604190718,0.287,,,,,,,,
202604190724,0.304,,,,,,,,
202604190730,0.322,,,,,,,,
202604190736,0.339,,,,,,,,
202604190742,0.357,,,,,,,,
202604190748,0.375,,,,,,,,
202604190754,0.392,,,,,,,,
202604190800,0.410,,0.400,-0.096,0.714,0.300,0.614,0.500,0.814
202604190806,0.428,,,,,,,,
202604190812,0.446,,,,,,,,
202604190818,0.464,,,,,,,,
202604190824,0.482,,,,,,,,
202604190830,0.499,,,,,,,,
202604190836,0.517,,,,,,,,
202604190842,0.535,,,,,,,,
202604190848,0.553,,,,,,,,
202604190854,0.571,,,,,,,,
202604190900,0.589,,0.300,-0.096,0.793,0.200,0.693,0.400,0.893
202604190906,0.607,,,,,,,,
202604190912,0.625,,,,,,,,
202604190918,0.643,,,,,,,,
202604190924,0.661,,,,,,,,
202604190930,0.679,,,,,,,,
202604190936,0.696,,,,,,,,
202604190942,0.714,,,,,,,,
202604190948,0.732,,,,,,,,
202604190954,0.749,,,,,,,,
202604191000,0.767,,0.200,-0.096,0.871,0.000,0.671,0.400,1.071
202604191006,0.785,,,,,,,,
202604191012,0.802,,,,,,,,
202604191018,0.820,,,,,,,,
202604191024,0.837,,,,,,,,
202604191030,0.854,,,,,,,,
202604191036,0.871,,,,,,,,
202604191042,0.888,,,,,,,,
202604191048,0.905,,,,,,,,
202604191054,0.922,,,,,,,,
202604191100,0.939,,0.200,-0.096,1.043,0.000,0.843,0.400,1.243
202604191106,0.956,,,,,,,,
202604191112,0.972,,,,,,,,
202604191118,0.989,,,,,,,,
202604191124,1.005,,,,,,,,
202604191130,1.021,,,,,,,,
202604191136,1.037,,,,,,,,
202604191142,1.053,,,,,,,,
202604191148,1.069,,,,,,,,
202604191154,1.084,,,,,,,,
202604191200,1.099,,0.200,-0.096,1.203,0.100,1.103,0.300,1.303
202604191206,1.115,,,,,,,,
202604191212,1.129,,,,,,,,
202604191218,1.144,,,,,,,,
202604191224,1.159,,,,,,,,
202604191230,1.173,,,,,,,,
202604191236,1.187,,,,,,,,
202604191242,1.201,,,,,,,,
202604191248,1.214,,,,,,,,
202604191254,1.228,,,,,,,,
202604191300,1.241,,0.100,-0.096,1.245,0.000,1.145,0.200,1.345
202604191306,1.254,,,,,,,,
202604191312,1.266,,,,,,,,
202604191318,1.278,,,,,,,,
202604191324,1.290,,,,,,,,
202604191330,1.302,,,,,,,,
202604191336,1.313,,,,,,,,
202604191342,1.324,,,,,,,,
202604191348,1.334,,,,,,,,
202604191354,1.344,,,,,,,,
202604191400,1.354,,0.100,-0.096,1.358,0.000,1.258,0.200,1.458
202604191406,1.363,,,,,,,,
202604191412,1.372,,,,,,,,
202604191418,1.381,,,,,,,,
202604191424,1.389,,,,,,,,
202604191430,1.397,,,,,,,,
202604191436,1.404,,,,,,,,
202604191442,1.411,,,,,,,,
202604191448,1.417,,,,,,,,
202604191454,1.423,,,,,,,,
202604191500,1.429,,0.300,-0.096,1.633,0.200,1.533,0.300,1.633
202604191506,1.434,,,,,,,,
202604191512,1.438,,,,,,,,
202604191518,1.442,,,,,,,,
202604191524,1.445,,,,,,,,
202604191530,1.448,,,,,,,,
202604191536,1.451,,,,,,,,
202604191542,1.452,,,,,,,,
202604191548,1.454,,,,,,,,
202604191554,1.454,,,,,,,,
202604191600,1.454,,0.300,-0.096,1.658,0.200,1.558,0.400,1.758
202604191606,1.454,,,,,,,,
202604191612,1.453,,,,,,,,
202604191618,1.451,,,,,,,,
202604191624,1.449,,,,,,,,
202604191630,1.446,,,,,,,,
202604191636,1.443,,,,,,,,
202604191642,1.439,,,,,,,,
202604191648,1.435,,,,,,,,
202604191654,1.429,,,,,,,,
202604191700,1.424,,0.200,-0.096,1.528,0.200,1.528,0.300,1.628
202604191706,1.417,,,,,,,,
202604191712,1.410,,,,,,,,
202604191718,1.403,,,,,,,,
202604191724,1.394,,,,,,,,
202604191730,1.386,,,,,,,,
202604191736,1.376,,,,,,,,
202604191742,1.366,,,,,,,,
202604191748,1.355,,,,,,,,
202604191754,1.344,,,,,,,,
202604191800,1.332,,0.400,-0.096,1.636,0.300,1.536,0.400,1.636
202604191806,1.320,,,,,,,,
202604191812,1.307,,,,,,,,
202604191818,1.293,,,,,,,,
202604191824,1.279,,,,,,,,
202604191830,1.264,,,,,,,,
202604191836,1.249,,,,,,,,
202604191842,1.233,,,,,,,,
202604191848,1.217,,,,,,,,
202604191854,1.200,,,,,,,,
202604191900,1.183,,0.500,-0.096,1.587,0.400,1.487,0.500,1.587
202604191906,1.165,,,,,,,,
202604191912,1.147,,,,,,,,
202604191918,1.128,,,,,,,,
202604191924,1.108,,,,,,,,
202604191930,1.089,,,,,,,,
202604191936,1.068,,,,,,,,
202604191942,1.048,,,,,,,,
202604191948,1.027,,,,,,,,
202604191954,1.005,,,,,,,,
202604192000,0.984,,0.400,-0.096,1.288,0.400,1.288,0.500,1.388
202604192006,0.961,,,,,,,,
202604192012,0.939,,,,,,,,
202604192018,0.916,,,,,,,,
202604192024,0.893,,,,,,,,
202604192030,0.870,,,,,,,,
202604192036,0.846,,,,,,,,
202604192042,0.822,,,,,,,,
202604192048,0.798,,,,,,,,
202604192054,0.774,,,,,,,,
202604192100,0.749,,0.400,-0.096,1.053,0.400,1.053,0.500,1.153
202604192106,0.724,,,,,,,,
202604192112,0.700,,,,,,,,
202604192118,0.675,,,,,,,,
202604192124,0.650,,,,,,,,
202604192130,0.625,,,,,,,,
202604192136,0.599,,,,,,,,
202604192142,0.574,,,,,,,,
202604192148,0.549,,,,,,,,
202604192154,0.524,,,,,,,,
202604192200,0.499,,0.500,-0.096,0.903,0.500,0.903,0.600,1.003
202604192206,0.473,,,,,,,,
202604192212,0.448,,,,,,,,
202604192218,0.423,,,,,,,,
202604192224,0.399,,,,,,,,
202604192230,0.374,,,,,,,,
202604192236,0.349,,,,,,,,
202604192242,0.325,,,,,,,,
202604192248,0.301,,,,,,,,
202604192254,0.277,,,,,,,,
202604192300,0.253,,0.500,-0.096,0.657,0.500,0.657,0.600,0.757
202604192306,0.230,,,,,,,,
202604192312,0.206,,,,,,,,
202604192318,0.183,,,,,,,,
202604192324,0.161,,,,,,,,
202604192330,0.139,,,,,,,,
202604192336,0.117,,,,,,,,
202604192342,0.095,,,,,,,,
202604192348,0.074,,,,,,,,
202604192354,0.053,,,,,,,,
202604200000,0.033,,0.500,-0.096,0.437,0.500,0.437,0.600,0.537
202604200006,0.013,,,,,,,,
202604200012,-0.005,,,,,,,,
202604200018,-0.024,,,,,,,,
202604200024,-0.043,,,,,,,,
202604200030,-0.061,,,,,,,,
202604200036,-0.078,,,,,,,,
202604200042,-0.095,,,,,,,,
202604200048,-0.112,,,,,,,,
202604200054,-0.127,,,,,,,,
202604200100,-0.143,,0.500,-0.096,0.261,0.400,0.161,0.500,0.261
202604200106,-0.158,,,,,,,,
202604200112,-0.172,,,,,,,,
202604200118,-0.186,,,,,,,,
202604200124,-0.199,,,,,,,,
202604200130,-0.211,,,,,,,,
202604200136,-0.223,,,,,,,,
202604200142,-0.234,,,,,,,,
202604200148,-0.245,,,,,,,,
202604200154,-0.255,,,,,,,,
202604200200,-0.264,,0.500,-0.096,0.140,0.400,0.040,0.500,0.140
202604200206,-0.273,,,,,,,,
202604200212,-0.281,,,,,,,,
202604200218,-0.289,,,,,,,,
202604200224,-0.296,,,,,,,,
202604200230,-0.302,,,,,,,,
202604200236,-0.308,,,,,,,,
202604200242,-0.313,,,,,,,,
202604200248,-0.318,,,,,,,,
202604200254,-0.321,,,,,,,,
202604200300,-0.325,,0.500,-0.096,0.079,0.400,-0.021,0.500,0.079
202604200306,-0.327,,,,,,,,
202604200312,-0.329,,,,,,,,
202604200318,-0.330,,,,,,,,
202604200324,-0.331,,,,,,,,
202604200330,-0.331,,,,,,,,
202604200336,-0.331,,,,,,,,
202604200342,-0.330,,,,,,,,
202604200348,-0.328,,,,,,,,
202604200354,-0.326,,,,,,,,
202604200400,-0.323,,0.400,-0.096,-0.019,0.400,-0.019,0.500,0.081
202604200406,-0.319,,,,,,,,
202604200412,-0.315,,,,,,,,
202604200418,-0.311,,,,,,,,
202604200424,-0.306,,,,,,,,
202604200430,-0.300,,,,,,,,
202604200436,-0.294,,,,,,,,
202604200442,-0.287,,,,,,,,
202604200448,-0.280,,,,,,,,
202604200454,-0.273,,,,,,,,
202604200500,-0.264,,0.400,-0.096,0.040,0.400,0.040,0.500,0.140
202604200506,-0.256,,,,,,,,
202604200512,-0.247,,,,,,,,
202604200518,-0.237,,,,,,,,
202604200524,-0.227,,,,,,,,
202604200530,-0.216,,,,,,,,
202604200536,-0.205,,,,,,,,
202604200542,-0.194,,,,,,,,
202604200548,-0.182,,,,,,,,
202604200554,-0.170,,,,,,,,
202604200600,-0.157,,0.400,-0.096,0.147,0.400,0.147,0.500,0.247
202604200606,-0.144,,,,,,,,
202604200612,-0.131,,,,,,,,
202604200618,-0.117,,,,,,,,
202604200624,-0.103,,,,,,,,
202604200630,-0.089,,,,,,,,
202604200636,-0.074,,,,,,,,
202604200642,-0.059,,,,,,,,
202604200648,-0.044,,,,,,,,
202604200654,-0.028,,,,,,,,
202604200700,-0.012,,0.500,-0.096,0.392,0.400,0.292,0.500,0.392
202604200706,0.003,,,,,,,,
202604200712,0.020,,,,,,,,
202604200718,0.037,,,,,,,,
202604200724,0.054,,,,,,,,
202604200730,0.071,,,,,,,,
202604200736,0.089,,,,,,,,
202604200742,0.106,,,,,,,,
202604200748,0.124,,,,,,,,
202604200754,0.142,,,,,,,,
202604200800,0.161,,0.500,-0.096,0.565,0.400,0.465,0.500,0.565
202604200806,0.179,,,,,,,,
202604200812,0.198,,,,,,,,
202604200818,0.217,,,,,,,,
202604200824,0.236,,,,,,,,
202604200830,0.255,,,,,,,,
202604200836,0.274,,,,,,,,
202604200842,0.294,,,,,,,,
202604200848,0.313,,,,,,,,
202604200854,0.333,,,,,,,,
202604200900,0.353,,0.500,-0.096,0.757,0.400,0.657,0.500,0.757
202604200906,0.372,,,,,,,,
202604200912,0.392,,,,,,,,
202604200918,0.412,,,,,,,,
202604200924,0.432,,,,,,,,
202604200930,0.453,,,,,,,,
202604200936,0.473,,,,,,,,
202604200942,0.493,,,,,,,,
202604200948,0.513,,,,,,,,
202604200954,0.534,,,,,,,,
202604201000,0.554,,0.500,-0.096,0.958,0.400,0.858,0.500,0.958
202604201006,0.574,,,,,,,,
202604201012,0.595,,,,,,,,
202604201018,0.615,,,,,,,,
202604201024,0.636,,,,,,,,
202604201030,0.656,,,,,,,,
202604201036,0.676,,,,,,,,
202604201042,0.697,,,,,,,,
202604201048,0.717,,,,,,,,
202604201054,0.737,,,,,,,,
202604201100,0.757,,0.500,-0.096,1.161,0.400,1.061,0.500,1.161
202604201106,0.777,,,,,,,,
202604201112,0.797,,,,,,,,
202604201118,0.817,,,,,,,,
202604201124,0.837,,,,,,,,
202604201130,0.857,,,,,,,,
202604201136,0.876,,,,,,,,
202604201142,0.896,,,,,,,,
202604201148,0.915,,,,,,,,
202604201154,0.935,,,,,,,,
202604201200,0.954,,0.500,-0.096,1.358,0.400,1.258,0.500,1.358
202604201206,0.973,,,,,,,,
202604201212,0.992,,,,,,,,
202604201218,1.010,,,,,,,,
202604201224,1.029,,,,,,,,
202604201230,1.047,,,,,,,,
202604201236,1.065,,,,,,,,
202604201242,1.083,,,,,,,,
202604201248,1.101,,,,,,,,
202604201254,1.118,,,,,,,,
202604201300,1.136,,0.400,-0.096,1.440,0.400,1.440,0.500,1.540
202604201306,1.153,,,,,,,,
202604201312,1.169,,,,,,,,
202604201318,1.186,,,,,,,,
202604201324,1.202,,,,,,,,
202604201330,1.218,,,,,,,,
202604201336,1.233,,,,,,,,
202604201342,1.249,,,,,,,,
202604201348,1.264,,,,,,,,
202604201354,1.278,,,,,,,,
202604201400,1.293,,0.400,-0.096,1.597,0.400,1.597,0.500,1.697
202604201406,1.307,,,,,,,,
202604201412,1.320,,,,,,,,
202604201418,1.333,,,,,,,,
202604201424,1.346,,,,,,,,
202604201430,1.359,,,,,,,,
202604201436,1.371,,,,,,,,
202604201442,1.383,,,,,,,,
202604201448,1.394,,,,,,,,
202604201454,1.405,,,,,,,,
202604201500,1.415,,0.500,-0.096,1.819,0.400,1.719,0.600,1.919
202604201506,1.425,,,,,,,,
202604201512,1.434,,,,,,,,
202604201518,1.443,,,,,,,,
202604201524,1.452,,,,,,,,
202604201530,1.460,,,,,,,,
202604201536,1.467,,,,,,,,
202604201542,1.474,,,,,,,,
202604201548,1.481,,,,,,,,
202604201554,1.487,,,,,,,,
202604201600,1.492,,0.500,-0.096,1.896,0.400,1.796,0.600,1.996
202604201606,1.497,,,,,,,,
202604201612,1.501,,,,,,,,
202604201618,1.505,,,,,,,,
202604201624,1.508,,,,,,,,
202604201630,1.511,,,,,,,,
202604201636,1.513,,,,,,,,
202604201642,1.515,,,,,,,,
202604201648,1.515,,,,,,,,
202604201654,1.516,,,,,,,,
202604201700,1.516,,0.500,-0.096,1.920,0.400,1.820,0.600,2.020
202604201706,1.515,,,,,,,,
202604201712,1.513,,,,,,,,
202604201718,1.511,,,,,,,,
202604201724,1.508,,,,,,,,
202604201730,1.505,,,,,,,,
202604201736,1.501,,,,,,,,
202604201742,1.497,,,,,,,,
202604201748,1.491,,,,,,,,
202604201754,1.486,,,,,,,,
202604201800,1.479,,0.500,-0.096,1.883,0.500,1.883,0.600,1.983
202604201806,1.472,,,,,,,,
202604201812,1.464,,,,,,,,
202604201818,1.456,,,,,,,,
202604201824,1.447,,,,,,,,
202604201830,1.438,,,,,,,,
202604201836,1.428,,,,,,,,
202604201842,1.417,,,,,,,,
202604201848,1.406,,,,,,,,
202604201854,1.394,,,,,,,,
202604201900,1.382,,0.500,-0.096,1.786,0.500,1.786,0.600,1.886
202604201906,1.368,,,,,,,,
202604201912,1.355,,,,,,,,
202604201918,1.341,,,,,,,,
202604201924,1.326,,,,,,,,
202604201930,1.311,,,,,,,,
202604201936,1.295,,,,,,,,
202604201942,1.279,,,,,,,,
202604201948,1.262,,,,,,,,
202604201954,1.244,,,,,,,,
202604202000,1.227,,0.500,-0.096,1.631,0.500,1.631,0.600,1.731
202604202006,1.208,,,,,,,,
202604202012,1.189,,,,,,,,
202604202018,1.170,,,,,,,,
202604202024,1.150,,,,,,,,
202604202030,1.130,,,,,,,,
202604202036,1.110,,,,,,,,
202604202042,1.089,,,,,,,,
202604202048,1.067,,,,,,,,
202604202054,1.046,,,,,,,,
202604202100,1.024,,0.500,-0.096,1.428,0.500,1.428,0.600,1.528
202604202106,1.001,,,,,,,,
202604202112,0.979,,,,,,,,
202604202118,0.956,,,,,,,,
202604202124,0.932,,,,,,,,
202604202130,0.909,,,,,,,,
202604202136,0.885,,,,,,,,
202604202142,0.861,,,,,,,,
202604202148,0.836,,,,,,,,
202604202154,0.812,,,,,,,,
202604202200,0.787,,0.600,-0.096,1.291,0.500,1.191,0.700,1.391
202604202206,0.762,,,,,,,,
202604202212,0.738,,,,,,,,
202604202218,0.712,,,,,,,,
202604202224,0.687,,,,,,,,
202604202230,0.662,,,,,,,,
202604202236,0.637,,,,,,,,
202604202242,0.611,,,,,,,,
202604202248,0.586,,,,,,,,
202604202254,0.561,,,,,,,,
202604202300,0.535,,0.600,-0.096,1.039,0.500,0.939,0.700,1.139
202604202306,0.510,,,,,,,,
202604202312,0.485,,,,,,,,
202604202318,0.460,,,,,,,,
202604202324,0.435,,,,,,,,
202604202330,0.410,,,,,,,,
202604202336,0.385,,,,,,,,
202604202342,0.360,,,,,,,,
202604202348,0.336,,,,,,,,
202604202354,0.312,,,,,,,,
202604210000,0.288,,0.500,-0.096,0.692,0.500,0.692,0.600,0.792
202604210006,0.264,,,,,,,,
202604210012,0.240,,,,,,,,
202604210018,0.217,,,,,,,,
202604210024,0.194,,,,,,,,
202604210030,0.171,,,,,,,,
202604210036,0.149,,,,,,,,
202604210042,0.127,,,,,,,,
202604210048,0.105,,,,,,,,
202604210054,0.084,,,,,,,,
202604210100,0.063,,0.500,-0.096,0.467,0.500,0.467,0.600,0.567
202604210106,0.042,,,,,,,,
202604210112,0.022,,,,,,,,
202604210118,0.002,,,,,,,,
202604210124,-0.016,,,,,,,,
202604210130,-0.035,,,,,,,,
202604210136,-0.053,,,,,,,,
202604210142,-0.071,,,,,,,,
202604210148,-0.088,,,,,,,,
202604210154,-0.105,,,,,,,,
202604210200,-0.122,,0.500,-0.096,0.282,0.500,0.282,0.600,0.382
202604210206,-0.137,,,,,,,,
202604210212,-0.153,,,,,,,,
202604210218,-0.167,,,,,,,,
202604210224,-0.182,,,,,,,,
202604210230,-0.195,,,,,,,,
202604210236,-0.209,,,,,,,,
202604210242,-0.221,,,,,,,,
202604210248,-0.233,,,,,,,,
202604210254,-0.244,,,,,,,,
202604210300,-0.255,,0.500,-0.096,0.149,0.500,0.149,0.600,0.249
202604210306,-0.266,,,,,,,,
202604210312,-0.275,,,,,,,,
202604210318,-0.284,,,,,,,,
202604210324,-0.293,,,,,,,,
202604210330,-0.300,,,,,,,,
202604210336,-0.308,,,,,,,,
202604210342,-0.314,,,,,,,,
202604210348,-0.320,,,,,,,,
202604210354,-0.326,,,,,,,,
202604210400,-0.330,,0.400,-0.096,-0.026,0.400,-0.026,0.600,0.174
202604210406,-0.335,,,,,,,,
202604210412,-0.338,,,,,,,,
202604210418,-0.341,,,,,,,,
202604210424,-0.343,,,,,,,,
202604210430,-0.345,,,,,,,,
202604210436,-0.346,,,,,,,,
202604210442,-0.347,,,,,,,,
202604210448,-0.347,,,,,,,,
202604210454,-0.346,,,,,,,,
202604210500,-0.345,,0.400,-0.096,-0.041,0.400,-0.041,0.600,0.159
202604210506,-0.343,,,,,,,,
202604210512,-0.340,,,,,,,,
202604210518,-0.337,,,,,,,,
202604210524,-0.334,,,,,,,,
202604210530,-0.330,,,,,,,,
202604210536,-0.325,,,,,,,,
202604210542,-0.320,,,,,,,,
202604210548,-0.314,,,,,,,,
202604210554,-0.308,,,,,,,,
202604210600,-0.301,,0.500,-0.096,0.103,0.400,0.003,0.600,0.203
202604210606,-0.293,,,,,,,,
202604210612,-0.285,,,,,,,,
202604210618,-0.277,,,,,,,,
202604210624,-0.268,,,,,,,,
202604210630,-0.259,,,,,,,,
202604210636,-0.249,,,,,,,,
202604210642,-0.238,,,,,,,,
202604210648,-0.228,,,,,,,,
202604210654,-0.216,,,,,,,,
202604210700,-0.205,,0.500,-0.096,0.199,0.400,0.099,0.700,0.399
202604210706,-0.192,,,,,,,,
202604210712,-0.180,,,,,,,,
202604210718,-0.167,,,,,,,,
202604210724,-0.153,,,,,,,,
202604210730,-0.140,,,,,,,,
202604210736,-0.125,,,,,,,,
202604210742,-0.111,,,,,,,,
202604210748,-0.096,,,,,,,,
202604210754,-0.080,,,,,,,,
202604210800,-0.065,,0.500,-0.096,0.339,0.400,0.239,0.700,0.539
202604210806,-0.049,,,,,,,,
202604210812,-0.032,,,,,,,,
202604210818,-0.016,,,,,,,,
202604210824,0.000,,,,,,,,
202604210830,0.018,,,,,,,,
202604210836,0.035,,,,,,,,
202604210842,0.053,,,,,,,,
202604210848,0.071,,,,,,,,
202604210854,0.089,,,,,,,,
202604210900,0.108,,0.500,-0.096,0.512,0.400,0.412,0.700,0.712
202604210906,0.127,,,,,,,,
202604210912,0.146,,,,,,,,
202604210918,0.165,,,,,,,,
202604210924,0.185,,,,,,,,
202604210930,0.204,,,,,,,,
202604210936,0.224,,,,,,,,
202604210942,0.244,,,,,,,,
202604210948,0.265,,,,,,,,
202604210954,0.285,,,,,,,,
202604211000,0.305,,0.500,-0.096,0.709,0.400,0.609,0.700,0.909
202604211006,0.326,,,,,,,,
202604211012,0.347,,,,,,,,
202604211018,0.368,,,,,,,,
202604211024,0.389,,,,,,,,
202604211030,0.410,,,,,,,,
202604211036,0.431,,,,,,,,
202604211042,0.452,,,,,,,,
202604211048,0.473,,,,,,,,
202604211054,0.495,,,,,,,,
202604211100,0.516,,0.500,-0.096,0.920,0.400,0.820,0.700,1.120
202604211106,0.538,,,,,,,,
202604211112,0.559,,,,,,,,
202604211118,0.580,,,,,,,,
202604211124,0.602,,,,,,,,
202604211130,0.623,,,,,,,,
202604211136,0.645,,,,,,,,
202604211142,0.666,,,,,,,,
202604211148,0.687,,,,,,,,
202604211154,0.709,,,,,,,,
202604211200,0.730,,0.500,-0.096,1.134,0.400,1.034,0.700,1.334
202604211206,0.751,,,,,,,,
202604211212,0.772,,,,,,,,
202604211218,0.793,,,,,,,,
202604211224,0.814,,,,,,,,
202604211230,0.835,,,,,,,,
202604211236,0.855,,,,,,,,
202604211242,0.876,,,,,,,,
202604211248,0.896,,,,,,,,
202604211254,0.916,,,,,,,,
202604211300,0.936,,0.500,-0.096,1.340,0.400,1.240,0.600,1.440
202604211306,0.956,,,,,,,,
202604211312,0.976,,,,,,,,
202604211318,0.996,,,,,,,,
202604211324,1.015,,,,,,,,
202604211330,1.034,,,,,,,,
202604211336,1.053,,,,,,,,
202604211342,1.071,,,,,,,,
202604211348,1.090,,,,,,,,
202604211354,1.108,,,,,,,,
202604211400,1.126,,0.500,-0.096,1.530,0.400,1.430,0.700,1.730
202604211406,1.143,,,,,,,,
202604211412,1.160,,,,,,,,
202604211418,1.177,,,,,,,,
202604211424,1.194,,,,,,,,
202604211430,1.210,,,,,,,,
202604211436,1.226,,,,,,,,
202604211442,1.242,,,,,,,,
202604211448,1.257,,,,,,,,
202604211454,1.272,,,,,,,,
202604211500,1.287,,0.500,-0.096,1.691,0.400,1.591,0.700,1.891
202604211506,1.301,,,,,,,,
202604211512,1.315,,,,,,,,
202604211518,1.328,,,,,,,,
202604211524,1.341,,,,,,,,
202604211530,1.354,,,,,,,,
202604211536,1.366,,,,,,,,
202604211542,1.378,,,,,,,,
202604211548,1.389,,,,,,,,
202604211554,1.400,,,,,,,,
202604211600,1.410,,0.500,-0.096,1.814,0.400,1.714,0.800,2.114
202604211606,1.420,,,,,,,,
202604211612,1.430,,,,,,,,
202604211618,1.438,,,,,,,,
202604211624,1.447,,,,,,,,
202604211630,1.455,,,,,,,,
202604211636,1.462,,,,,,,,
202604211642,1.469,,,,,,,,
202604211648,1.476,,,,,,,,
202604211654,1.482,,,,,,,,
202604211700,1.487,,0.500,-0.096,1.891,0.400,1.791,0.700,2.091
202604211706,1.492,,,,,,,,
202604211712,1.496,,,,,,,,
202604211718,1.500,,,,,,,,
202604211724,1.503,,,,,,,,
202604211730,1.506,,,,,,,,
202604211736,1.508,,,,,,,,
202604211742,1.509,,,,,,,,
202604211748,1.510,,,,,,,,
202604211754,1.511,,,,,,,,
202604211800,1.510,,0.600,-0.096,2.014,0.500,1.914,0.700,2.114
202604211806,1.510,,,,,,,,
202604211812,1.508,,,,,,,,
202604211818,1.506,,,,,,,,
202604211824,1.504,,,,,,,,
202604211830,1.501,,,,,,,,
202604211836,1.497,,,,,,,,
202604211842,1.493,,,,,,,,
202604211848,1.488,,,,,,,,
202604211854,1.482,,,,,,,,
202604211900,1.476,,0.600,-0.096,1.980,0.500,1.880,0.800,2.180
202604211906,1.470,,,,,,,,
202604211912,1.462,,,,,,,,
202604211918,1.455,,,,,,,,
202604211924,1.446,,,,,,,,
202604211930,1.437,,,,,,,,
202604211936,1.428,,,,,,,,
202604211942,1.418,,,,,,,,
202604211948,1.407,,,,,,,,
202604211954,1.396,,,,,,,,
202604212000,1.384,,0.600,-0.096,1.888,0.500,1.788,0.800,2.088
202604212006,1.372,,,,,,,,
202604212012,1.359,,,,,,,,
202604212018,1.346,,,,,,,,
202604212024,1.332,,,,,,,,
202604212030,1.318,,,,,,,,
202604212036,1.303,,,,,,,,
202604212042,1.288,,,,,,,,
202604212048,1.272,,,,,,,,
202604212054,1.256,,,,,,,,
202604212100,1.239,,0.600,-0.096,1.743,0.500,1.643,0.800,1.943
202604212106,1.222,,,,,,,,
202604212112,1.205,,,,,,,,
202604212118,1.187,,,,,,,,
202604212124,1.168,,,,,,,,
202604212130,1.149,,,,,,,,
202604212136,1.130,,,,,,,,
202604212142,1.110,,,,,,,,
202604212148,1.091,,,,,,,,
202604212154,1.070,,,,,,,,
202604212200,1.050,,0.600,-0.096,1.554,0.500,1.454,0.800,1.754
202604212206,1.029,,,,,,,,
202604212212,1.007,,,,,,,,
202604212218,0.986,,,,,,,,
202604212224,0.964,,,,,,,,
202604212230,0.942,,,,,,,,
202604212236,0.919,,,,,,,,
202604212242,0.897,,,,,,,,
202604212248,0.874,,,,,,,,
202604212254,0.851,,,,,,,,
202604212300,0.828,,0.600,-0.096,1.332,0.500,1.232,0.800,1.532
202604212306,0.804,,,,,,,,
202604212312,0.781,,,,,,,,
202604212318,0.757,,,,,,,,
202604212324,0.733,,,,,,,,
202604212330,0.709,,,,,,,,
202604212336,0.685,,,,,,,,
202604212342,0.661,,,,,,,,
202604212348,0.637,,,,,,,,
202604212354,0.613,,,,,,,,
202604220000,0.589,,0.600,-0.096,1.093,0.500,0.993,0.800,1.293
202604220006,0.565,,,,,,,,
202604220012,0.541,,,,,,,,
202604220018,0.517,,,,,,,,
202604220024,0.493,,,,,,,,
202604220030,0.469,,,,,,,,
202604220036,0.445,,,,,,,,
202604220042,0.422,,,,,,,,
202604220048,0.398,,,,,,,,
202604220054,0.375,,,,,,,,
202604220100,0.351,,0.600,-0.096,0.855,0.500,0.755,0.700,0.955
202604220106,0.328,,,,,,,,
202604220112,0.305,,,,,,,,
202604220118,0.283,,,,,,,,
202604220124,0.260,,,,,,,,
202604220130,0.238,,,,,,,,
202604220136,0.216,,,,,,,,
202604220142,0.194,,,,,,,,
202604220148,0.173,,,,,,,,
202604220154,0.152,,,,,,,,
202604220200,0.131,,0.600,-0.096,0.635,0.500,0.535,0.700,0.735
202604220206,0.111,,,,,,,,
202604220212,0.090,,,,,,,,
202604220218,0.071,,,,,,,,
202604220224,0.051,,,,,,,,
202604220230,0.032,,,,,,,,
202604220236,0.014,,,,,,,,
202604220242,-0.003,,,,,,,,
202604220248,-0.021,,,,,,,,
202604220254,-0.038,,,,,,,,
202604220300,-0.055,,0.600,-0.096,0.449,0.500,0.349,0.700,0.549
202604220306,-0.072,,,,,,,,
202604220312,-0.088,,,,,,,,
202604220318,-0.103,,,,,,,,
202604220324,-0.118,,,,,,,,
202604220330,-0.133,,,,,,,,
202604220336,-0.146,,,,,,,,
202604220342,-0.160,,,,,,,,
202604220348,-0.173,,,,,,,,
202604220354,-0.185,,,,,,,,
202604220400,-0.197,,0.500,-0.096,0.207,0.400,0.107,0.700,0.407
202604220406,-0.208,,,,,,,,
202604220412,-0.219,,,,,,,,
202604220418,-0.229,,,,,,,,
202604220424,-0.239,,,,,,,,
202604220430,-0.248,,,,,,,,
202604220436,-0.257,,,,,,,,
202604220442,-0.265,,,,,,,,
202604220448,-0.272,,,,,,,,
202604220454,-0.279,,,,,,,,
202604220500,-0.285,,0.500,-0.096,0.119,0.400,0.019,0.600,0.219
202604220506,-0.290,,,,,,,,
202604220512,-0.295,,,,,,,,
202604220518,-0.300,,,,,,,,
202604220524,-0.304,,,,,,,,
202604220530,-0.307,,,,,,,,
202604220536,-0.310,,,,,,,,
202604220542,-0.312,,,,,,,,
202604220548,-0.313,,,,,,,,
202604220554,-0.314,,,,,,,,
202604220600,-0.314,,0.500,-0.096,0.090,0.400,-0.010,0.700,0.290
